ABCDMisc,ADSPermissionState,CalculatedAcres,ContainmentDateTime,ControlDateTime,DailyAcres,DiscoveryAcres,DispatchCenterID,EstimatedCostToDate,FinalFireReportApprovedDate,FireBehaviorGeneral,FireBehaviorGeneral1,FireBehaviorGeneral2,FireBehaviorGeneral3,FireCause,FireCauseGeneral,FireCauseSpecific,FireCode,FireDepartmentID,FireDiscoveryDateTime,FireMgmtComplexity,FireOutDateTime,FireStrategyConfinePercent,FireStrategyFullSuppPercent,FireStrategyMonitorPercent,FireStrategyPointZonePercent,FSJobCode,FSOverrideCode,GeographicAreaCoordinationCenterCode,ICS209ReportDateTime,ICS209ReportForTimePeriodFrom,ICS209ReportForTimePeriodTo,ICS209ReportStatus,IncidentManagementOrganization,IncidentName,IncidentShortDescription,IncidentTypeCategory,IncidentTypeKind,InitialLatitude,InitialLongitude,InitialResponseAcres,InitialResponseDateTime,IsFireCauseInvestigated,IsFireCodeRequested,IsFSAssisted,IsMultiJurisdictional,IsReimbursable,IsTrespass,IsUnifiedCommand,LocalIncidentIdentifier,PercentContained,PercentPerimeterToBeContained,POOCity,POOCounty,POODispatchCenterID,POOFips,POOJurisdictionalAgency,POOJurisdictionalUnit,POOLandownerCategory,POOLandownerKind,POOLegalDescPrincipalMeridian,POOLegalDescQtr,POOLegalDescQtrQtr,POOLegalDescRange,POOLegalDescSection,POOLegalDescTownship,POOPredictiveServiceAreaID,POOProtectingAgency,POOProtectingUnit,POOState,PredominantFuelGroup,PredominantFuelModel,PrimaryFuelModel,SecondaryFuelModel,TotalIncidentPersonnel,UniqueFireIdentifier,WFDSSDecisionStatus,CreatedBySystem,ModifiedBySystem,IsDispatchComplete,OrganizationalAssessment,StrategicDecisionPublishDate,CreatedOnDateTime,ModifiedOnDateTime,Source
,DEFAULT,,,,324,1,KYKIC,,,,,,,Unknown,,,,,"1/23/2021, 6:09 PM",,,,,,,,,SACC,,,,,,Walker Br N  RX LON,,RX,FI,36.946,-84.257,324,,,0,0,0,0,0,,210099,,,,Whitley,KYKIC,21235,FS,KYDBF,,,,,,,,,SA27,FS,KYDBF,US-KY,,,,,,2021-KYDBF-210099,No Decision,wildcad,wildcad,0,,,"1/23/2021, 6:11 PM","12/9/2021, 6:22 PM",IRWIN
,DEFAULT,,,,18,1,SDGPC,,,,,,,Human,,,,,"2/16/2021, 6:18 PM",,,,,,,,,RMCC,,,,,,WIlsons Corner PB,,RX,FI,43.76278,-103.4538,,,,0,0,0,0,0,,210107,,,,Custer,SDGPC,46033,DWF,SDSDS,,,,,,,,,RM50,DWF,SDSDS,US-SD,,,,,,2021-SDSDS-210107,No Decision,wildcad,wildcad,0,,,"2/17/2021, 8:57 PM","12/10/2021, 9:10 PM",IRWIN
,DEFAULT,,,,10,1,SDGPC,,,,,,,Human,,,,,"1/22/2021, 7:36 PM",,,,,,,,,RMCC,,,,,,Legion Lake PB,,RX,FI,43.7611,-103.4674,,,,0,0,0,0,0,,210052,,,,Custer,SDGPC,46033,DWF,SDSDS,,,,,,,,,RM50,DWF,SDSDS,US-SD,,,,,,2021-SDSDS-210052,No Decision,wildcad,wildcad,0,,,"2/17/2021, 8:57 PM","12/10/2021, 9:09 PM",IRWIN
,DEFAULT,,,,156,1,UTRFC,,,,,,,Undetermined,Debris/Open Burning,Broadcast/Prescribed Burn,,,"2/9/2021, 12:38 AM",,,,,,,,,GBCC,,,,,,Fremont River Piles,,RX,FI,38.21304,-111.4088,,,,0,0,0,0,0,,210015,,,,Wayne,UTRFC,49055,FS,UTFIF,,,,,,,,,GB28,FS,UTFIF,US-UT,,,,,,2021-UTFIF-210015,No Decision,wildcad,wildcad,0,,,"2/9/2021, 12:40 AM","12/9/2021, 9:56 PM",IRWIN
,DEFAULT,,,,19.25,1,COPBC,,,,,,,Unknown,,,,,"1/14/2021, 6:35 PM",,,,,,,,,RMCC,,,,,,Bear Johns Piles - Saguache RD,,RX,FI,37.96474,-106.6391,6,,,0,0,0,0,0,,000036,,,,Saguache,COPBC,08109,FS,CORGF,,,,,,,,,RM38,FS,CORGF,US-CO,,,,,,2021-CORGF-000036,No Decision,wildcad,wildcad,0,,,"1/19/2021, 10:46 PM","12/9/2021, 10:27 PM",IRWIN
,DEFAULT,,,,966,1,NMSFC,,,,,,,Unknown,,,,,"4/10/2021, 5:44 PM",,,,,,,,,SWCC,,,,,,Oso 4 RX,,RX,FI,36.35195,-106.9621,966,,,0,0,0,0,0,,000046,,,,Rio Arriba,NMSFC,35039,FS,NMSNF,,,,,,,,,SW07,FS,NMSNF,US-NM,,,,,,2021-NMSNF-000046,No Decision,wildcad,wildcad,0,,,"4/21/2021, 5:22 PM","12/7/2021, 12:04 AM",IRWIN
,DEFAULT,,,,1,1,KYKIC,,,,,,,Undetermined,Undetermined,,N0U9,,"5/15/2021, 9:58 PM",,,,,,,P8,0802,SACC,,,,,,Oneida School,,WF,FI,37.27913,-83.656635,,,,0,0,0,0,0,,210186,,,,Clay,KYKIC,21051,,,Private,Private,,,,,,,SA27,DVF,KYKYS,US-KY,,,,,,2021-KYKYS-210186,No Decision,wildcad,INFORM_Inspector,0,,,"5/15/2021, 11:33 PM","12/12/2021, 6:30 PM",IRWIN
,DEFAULT,,,,,,CACCCC,,,,,,,,,,N08K,,"4/4/2021, 8:42 AM",,,,,,,,,OSCC,,,,,,CANEBRAKE,,WF,FI,,,,,,0,0,0,0,0,,000669,,,,Kern,CACCCC,06029,,,Private,Private,,,,,,,SC03,BLM,CACND,US-CA,,,,,,2021-CACND-000669,No Decision,firecode,IROC,0,,,"5/22/2021, 12:46 AM","12/11/2021, 11:43 PM",IRWIN
,DEFAULT,,,,25,1,MNMNCC,,,,,,,Human,,,,,"4/7/2021, 11:18 PM",,,,,,,,,EACC,,,,,,Girl Scout Camp PB,,RX,FI,47.97597,-91.53809,,,,0,0,0,0,0,,000104,,,,Lake,MNMNCC,27075,FS,MNSUF,USFS,Federal,,,,,,,EA03,FS,MNSUF,US-MN,,,,,,2021-MNSUF-000104,No Decision,wildcad,wildcad,0,,,"5/25/2021, 12:31 AM","12/8/2021, 8:19 PM",IRWIN
,DEFAULT,,,,1,1,CASICC,,,,,,,Undetermined,,,N14C,,"6/4/2021, 10:24 PM",,,,,,,PN,1522,OSCC,,,,,,SANDY COW,,WF,FI,37.18592,-120.6443,,,,0,0,0,0,0,,000486,,,,Merced,CAMMCC,06047,FWS,CAMCR,USFWS,Federal,,,,,,,SC05,FWS,CALUR,US-CA,,,,,,2021-CALUR-000486,No Decision,wildcad,wildcad,0,,,"6/4/2021, 10:25 PM","12/13/2021, 2:06 AM",IRWIN
,DEFAULT,171.3668,,,175,175,CASICC,,,,,,,Undetermined,,,N2U1,,"6/10/2021, 9:53 PM",,,,,,,PR,,OSCC,,,,,,TURKEY,,WF,FI,35.91182,-119.4151,,,,0,0,0,0,0,,000556,,,,Tulare,CATUCC,06107,FWS,CAPLR,USFWS,Federal,,,,,,,SC05,FWS,CALUR,US-CA,,,,,,2021-CALUR-000556,No Decision,wildcad,wildcad,0,,,"6/14/2021, 11:05 PM","12/13/2021, 2:06 AM",IRWIN
,DEFAULT,,,,20,20,CASICC,,,,,,,Undetermined,,,N2W7,,"6/15/2021, 4:53 AM",,,,,,,PR,1522,OSCC,,,,,,RIVER,,WF,FI,37.72044,-121.1491,,,,0,0,0,0,0,,000560,,,,San Joaquin,CATCCC,06077,FWS,CASJR,USFWS,Federal,,,,,,,SC05,FWS,CALUR,US-CA,,,,,,2021-CALUR-000560,No Decision,wildcad,wildcad,0,,,"6/15/2021, 7:10 PM","12/13/2021, 2:06 AM",IRWIN
,DEFAULT,2.7143,,,2.7,2.7,CASICC,,,,,,,Undetermined,,,N26L,,"6/18/2021, 7:51 PM",,,,,,,PR,1522,OSCC,,,,,,CASJR STRINGER,,WF,FI,37.68223,-121.2064,,,,0,1,0,0,1,,000583,,,,Stanislaus,CATCCC,06099,FWS,CASJR,USFWS,Federal,,,,,,,SC05,FWS,CALUR,US-CA,,,,,,2021-CALUR-000583,No Decision,wildcad,wildcad,0,,,"6/18/2021, 7:52 PM","12/13/2021, 2:05 AM",IRWIN
,DEFAULT,,,,11,0.1,ORBIC,,,,,,,Undetermined,Undetermined,,N4L5,,"7/2/2021, 4:53 AM",,,,,,,PN,1522,NWCC,,,,,,Blair - Wildhorse Ranch PVT burn,,WF,FI,42.51338,-118.5952,,"7/2/2021, 4:53 AM",,0,1,0,0,0,,002192,,,,Harney,ORBIC,41025,BLM,ORRFPA,Private,Private,,,,,,,NW12,C&L,ORRFPN,US-OR,Grass-Shrub,GS2,,,,2021-ORRFPN-002192,No Decision,wildcad,wildcad,0,,,"7/2/2021, 7:36 AM","12/7/2021, 6:49 PM",IRWIN
,DEFAULT,,,,109444,1,IDGVC,9498972,,Minimal,Creeping,Smoldering,Single Tree Torching,Undetermined,,,N5EJ,,"7/9/2021, 7:46 PM",Type 5 Incident,,,,,,PN,,NRCC,"8/20/2021, 2:00 AM","8/19/2021, 4:00 AM","8/20/2021, 2:00 AM",F,Type 5 IC,Snake River Complex,20 miles south of Lewiston ID,CX,FI,46.01192,-116.9107,,,,0,1,0,0,0,0,000604,100,100,,Nez Perce,IDGVC,16069,BLM,IDCWD,BLM,Federal,,,,,,,NR05,DL,IDCMS,US-ID,,,Short Grass (1 foot),Timber (Litter and Understory),5,2021-IDCMS-000604,No Decision,wildcad,wildcad,0,,,"7/9/2021, 7:52 PM","12/1/2021, 9:20 PM",IRWIN
EK2P,DEFAULT,,,,30,25,WACCC,,"11/19/2021, 1:56 AM",,,,,Undetermined,Other Human Cause,"Other, Unknown",,,"7/18/2021, 5:33 AM",,,,,,,P6,0622,NWCC,,,,,,CHENOWETH - MCFR Assist,,WF,FI,45.62949,-121.2319,30,"7/18/2021, 5:50 AM",0,0,0,0,0,0,,000583,,,,Wasco,ORCOC,41065,,,Private,Private,,,,,,,NW06,FS,ORCGF,US-OR,Grass,GR1,,,,2021-ORCGF-000583,No Decision,wildcad,wildcad,0,,,"7/18/2021, 6:26 PM","12/10/2021, 5:57 PM",IRWIN
,DEFAULT,,,,0.1,1,WACCC,,,,,,,Undetermined,Camping,,,,"7/20/2021, 4:38 AM",,,,,,,,,NWCC,,,,,,SIGNAL HILL - MCFR ASSIST,,WF,FI,45.62123,-121.1105,0.1,,,0,0,0,0,0,,000603,,,,Wasco,ORCOC,41065,,,Private,Private,,,,,,,NW06,FS,ORCGF,US-OR,,,,,,2021-ORCGF-000603,No Decision,wildcad,wildcad,0,,,"7/20/2021, 5:10 AM","12/10/2021, 7:10 PM",IRWIN
,DEFAULT,,,,22369.5,1,IDGVC,1765424,,Minimal,Single Tree Torching,Smoldering,Creeping,Undetermined,,,N6U4,,"7/25/2021, 8:41 PM",Type 4 Incident,,40,0,40,20,P1,0117,NRCC,"10/8/2021, 2:30 AM","10/1/2021, 2:30 AM","10/8/2021, 2:30 AM",F,Type 4 IC,Storm Theatre Complex ,"Back country area on the North Fork, Powell, and Locsha Ranger Districts",CX,FI,46.555515,-115.096913,,,,0,0,0,0,0,0,000742,100,10,,Idaho,IDGVC,16049,FS,IDNCF,USFS,Federal,,,,,,,NR03,FS,IDNCF,US-ID,,,Brush (2 feet),Timber (Litter and Understory),5,2021-IDNCF-000742,No Decision,wildcad,wildcad,0,,,"7/25/2021, 8:42 PM","11/30/2021, 7:48 PM",IRWIN
,ICS209,27679.3418,,,29356.25,1,OREIC,58198559,,,,,,Undetermined,,,,,"7/27/2021, 4:51 PM",,,,,,,,,NWCC,,,,,,Gales,,WF,FI,43.99332,-122.6131,2,,,0,0,0,0,0,0,210279,90,100,,Lane,OREIC,41039,FS,ORWIF,USFS,Federal,,,,,,,NW03,FS,ORWIF,US-OR,,,,,,2021-ORWIF-210279,Approved Decision,wildcad,ics209,0,Type 4 Incident,"10/7/2021, 11:57 PM","7/27/2021, 11:06 PM","12/11/2021, 12:39 AM",IRWIN
,ICS209,,,,30926.6,1,OREIC,0,,Minimal,Smoldering,Smoldering,Smoldering,Undetermined,,,N669,,"7/29/2021, 11:56 PM",Type 4 Incident,,,,,,P6,,NWCC,"12/11/2021, 12:30 AM","12/4/2021, 3:45 AM","12/11/2021, 12:30 AM",U,Type 4 IC,Middle Fork Complex,"9 miles N of Oakridge, OR",CX,FI,43.869292,-122.408533,,,,0,0,0,0,0,0,210307,90,77,Oakridge,Lane,OREIC,41039,FS,ORWIF,USFS,Federal,,,,,,,NW04,FS,ORWIF,US-OR,,,Timber (Grass and Understory),Timber (Litter and Understory),13,2021-ORWIF-210307,No Decision,wildcad,ics209,0,,,"7/29/2021, 11:57 PM","12/11/2021, 12:39 AM",IRWIN
,ICS209,,,,50564.25,1,ORRICC,0,,Minimal,Smoldering,Smoldering,Short-range Spotting,Undetermined,,,N68U,,"7/30/2021, 6:55 AM",Type 4 Incident,,,,,,P6,0615,NWCC,"11/29/2021, 10:00 PM","11/10/2021, 10:00 PM","11/29/2021, 10:00 PM",F,Type 4 IC,Rough Patch Complex,Calapooya Divide,CX,FI,43.510483,-122.675989,,,,0,0,1,1,0,0,000373,100,99,Cottage Grove,Lane,ORRICC,41039,FS,ORUPF,USFS,Federal,Willamette,,,2E,3,24S,NW04,FS,ORUPF,US-OR,,,Closed Timber Litter,Timber (Litter and Understory),46,2021-ORUPF-000373,No Decision,wildcad,ics209,0,,,"7/30/2021, 6:56 AM","11/29/2021, 10:26 PM",IRWIN
,DEFAULT,223188.2964,,,223124,0.1,CARICC,163739291,,Minimal,Smoldering,Smoldering,Backing,Natural,,,N7GJ,,"7/31/2021, 4:10 AM",Type 3 Incident,,0,100,0,0,P5,0514,ONCC,"10/26/2021, 3:30 AM","10/25/2021, 4:00 PM","10/26/2021, 3:30 AM",F,Type 3 Team,MONUMENT,"Del Loma, CA near Monument Peak",WF,FI,40.75228,-123.3367,,,,0,0,1,0,0,0,001187,100,100,"Del Loma, CA",Trinity,CARICC,06105,FS,CASHF,USFS,Federal,Humboldt,,,7E,1,4N,NC04,FS,CASHF,US-CA,,,Timber (Grass and Understory),Timber (Litter and Understory),74,2021-CASHF-001187,Approved Decision,wildcad,wfdss,0,Type 5 Incident,"10/22/2021, 12:42 AM","7/31/2021, 4:51 AM","11/29/2021, 9:21 PM",IRWIN
,DEFAULT,,,,70110.05,1,ORRICC,0,,Minimal,Backing,Creeping,Smoldering,Undetermined,,,N7ND,,"8/3/2021, 6:03 PM",Type 4 Incident,,,,,,P6,0615,NWCC,"11/11/2021, 1:00 AM","10/29/2021, 11:30 PM","11/11/2021, 1:00 AM",F,Type 4 IC,Devils Knob Complex,Fires span across the entire Tiller Ranger District,CX,FI,43.10283,-122.875,,,,0,0,0,0,0,0,000450,100,100,Milo/Tiller,Douglas,ORRICC,41019,FS,ORUPF,USFS,Federal,Willamette,,,.,1,.,NW04,FS,ORUPF,US-OR,,,Timber (Litter and Understory),Timber (Grass and Understory),184,2021-ORUPF-000450,No Decision,wildcad,wildcad,0,,,"8/3/2021, 6:03 PM","12/1/2021, 1:12 AM",IRWIN
,DEFAULT,88255.6968,,,80102.75,2,CASQCC,56666667,,Active,Uphill Runs,,,Natural,,,N9RE,,"9/10/2021, 5:20 PM",Type 2 Incident,,0,100,0,0,,,OSCC,"9/13/2021, 11:30 PM","9/13/2021, 2:00 PM","9/13/2021, 11:30 PM",F,Type 2 Team,Colony,KNP,WF,FI,36.56688,-118.8115,2,,,0,1,0,0,0,0,000116,75,100,,Tulare,CASQCC,06107,NPS,CAKNP,NPS,Federal,San Bernardino,,,29e,2,16s,SC03,NPS,CAKNP,US-CA,,,Timber (Grass and Understory),Timber (Litter and Understory),,2021-CAKNP-000116,Approved Decision,wildcad,ics209,0,Type 5 Incident,"12/7/2021, 7:20 AM","9/10/2021, 7:26 PM","12/12/2021, 1:20 AM",IRWIN
,DEFAULT,8204.4688,,,8203,0.5,CASQCC,56666667,,Active,Uphill Runs,Backing,Uphill Runs,Natural,,,N9RT,,"9/10/2021, 9:22 PM",Type 2 Incident,,0,100,0,0,,,OSCC,"9/14/2021, 1:30 AM","9/13/2021, 4:00 PM","9/14/2021, 1:30 AM",F,Type 3 IC,Paradise,Sequoia National Park,WF,FI,36.50725,-118.7675,,,,0,1,0,0,0,0,000118,0,100,Three Rivers,Tulare,CASQCC,06107,NPS,CAKNP,NPS,Federal,,,,,,,SC03,NPS,CAKNP,US-CA,,,Timber (Litter and Understory),Brush (2 feet),26,2021-CAKNP-000118,No Decision,wildcad,ics209,0,,,"9/10/2021, 10:11 PM","12/12/2021, 1:20 AM",IRWIN
,DEFAULT,,,,3.2,1,MTHDC,,,,,,,Human,Other Human Cause,Fireworks (Consumer or Personal Use),,05001,"9/12/2021, 12:22 AM",,,,,,,,,NRCC,,,,,,Knob Hill,,WF,FI,46.5758,-111.9849,,,,0,0,0,0,0,,000482,,,,Lewis and Clark,MTHDC,30049,,,City,Other,,,,,,,NR11,C&L,MTLG05,US-MT,Timber,TL3,,,,2021-MTLG05-000482,No Decision,wildcad,INFORM_Inspector,0,,,"9/12/2021, 1:18 AM","12/10/2021, 10:02 PM",IRWIN
,DEFAULT,,,,88307,1,CASQCC,170000000,,Minimal,Creeping,Smoldering,Uphill Runs,Undetermined,,,N9UH,,"9/12/2021, 5:35 AM",Type 5 Incident,,,,,,PP,1522,OSCC,"12/12/2021, 12:30 AM","12/11/2021, 12:30 AM","12/12/2021, 12:30 AM",U,Type 5 IC,KNP Complex,"25 miles east of Visalia, California.",CX,FI,36.581677,-118.794833,,,,0,0,0,0,0,0,000122,80,100,Three Rivers,Tulare,CASQCC,06107,NPS,CAKNP,NPS,Federal,,,,,,,SC03,NPS,CAKNP,US-CA,,,Timber (Litter and Understory),Brush (2 feet),1,2021-CAKNP-000122,No Decision,wildcad,ics209,0,,,"9/12/2021, 5:37 AM","12/12/2021, 1:20 AM",IRWIN
,DEFAULT,,,,420,1,UTMFC,,,,,,,Undetermined,,,,,"2/10/2021, 5:01 PM",,,,,,,,,GBCC,,,,,,Cottonwood Ridge RX,,RX,FI,39.71218,-110.1596,,,,0,0,0,0,0,,000011,,,,Carbon,UTMFC,49007,BLM,UTMOD,BLM,Federal,,,,,,,GB31,BLM,UTVLD,US-UT,,,,,,2021-UTVLD-000011,No Decision,wildcad,wildcad,0,,,"9/24/2021, 6:09 PM","11/29/2021, 10:49 PM",IRWIN
,DEFAULT,,,,1901,1,TNTNC,,,,,,,Undetermined,,,,,"6/16/2021, 5:42 PM",,,,,,,,,SACC,,,,,,RX - Cow Camp,,RX,FI,35.42961,-84.06229,1901,,,0,0,0,0,0,,000179,,,,Monroe,TNTNC,47123,FS,TNCNF,USFS,Federal,,,,,,,SA25B,FS,TNCNF,US-TN,,,,,,2021-TNCNF-000179,No Decision,wildcad,wildcad,0,,,"9/29/2021, 8:25 PM","12/3/2021, 12:59 AM",IRWIN
EKT3,ICS209,1364.7572,,,1379,1,MTGDC,2950000,,Minimal,Creeping,Smoldering,Smoldering,Undetermined,,,PA6L,,"10/4/2021, 10:49 PM",Type 4 Incident,,0,100,0,0,P1,0115,NRCC,"12/10/2021, 1:00 AM","12/3/2021, 2:00 AM","12/10/2021, 1:00 AM",U,Type 4 IC,Crown Mountain,"15 mile SW of Augusta, MT",WF,FI,47.37994,-112.7664,1.5,,,0,1,0,0,0,0,005149,80,100,"Augusta, MT",Lewis and Clark,MTGDC,30049,FS,MTHLF,USFS,Federal,,,,,,,NR07,FS,MTHLF,US-MT,,,Timber (Litter and Understory),Timber (Grass and Understory),1,2021-MTHLF-005149,Approved Decision,wildcad,ics209,0,Type 4 Incident,"10/26/2021, 7:42 PM","10/4/2021, 11:47 PM","12/10/2021, 1:22 AM",IRWIN
,DEFAULT,,,,145,1,UTMFC,,,,,,,Undetermined,,,,,"10/14/2021, 5:03 PM",,,,,,,,,GBCC,,,,,,NZ Timber Piles RX,,RX,FI,39.61339,-111.1866,,,,0,0,0,0,0,,000545,,,,Sanpete,UTMFC,49039,FS,UTMLF,USFS,Federal,,,,,,,GB30,FS,UTMLF,US-UT,,,,,,2021-UTMLF-000545,No Decision,wildcad,wildcad,0,,,"10/14/2021, 5:04 PM","12/7/2021, 5:56 PM",IRWIN
,DEFAULT,,,,1711,1,TNTNC,,,,,,,Undetermined,,,,,"3/30/2021, 4:54 PM",,,,,,,,,SACC,,,,,,RX - Thornburg,,RX,FI,35.11411,-84.6155,1000,,,0,0,0,0,0,,000095,,,,Polk,TNTNC,47139,FS,TNCNF,USFS,Federal,,,,,,,SA25B,FS,TNCNF,US-TN,,,,,,2021-TNCNF-000095,No Decision,wildcad,wildcad,0,,,"10/18/2021, 4:10 PM","12/4/2021, 4:36 PM",IRWIN
,DEFAULT,,,,125,1,MSMIC,,,,,,,Undetermined,,,,,"10/19/2021, 4:33 PM",,,,,,,,,SACC,,,,,,DE SOTO Site Prep CPT16-19,,RX,FI,31.02323,-88.88161,125,,,0,0,0,0,0,,000323,,,,Perry,MSMIC,28111,FS,MSMNF,USFS,Federal,,,,,,,SA22A,FS,MSMNF,US-MS,,,,,,2021-MSMNF-000323,No Decision,wildcad,wildcad,0,,,"10/19/2021, 5:33 PM","12/3/2021, 8:26 PM",IRWIN
,DEFAULT,,,,622.7,1,MTLEC,,,,,,,Undetermined,,,,17030,"8/8/2021, 11:05 PM",,,,,,,,,NRCC,,,,,,MTLG17-2021-548,,WF,FI,48.26895,-104.38963,622.68,,,0,0,0,0,0,,000548,,,,Roosevelt,MTLEC,30085,C&L,MTLG17,Private,Private,,,,,,,NR15,C&L,MTLG17,US-MT,Grass,GR2,,,,2021-MTLG17-000548,No Decision,wildcad,wildcad,0,,,"10/21/2021, 1:13 AM","12/8/2021, 5:34 PM",IRWIN
,DEFAULT,,,,391,1,FLFIC,,,,,,,Undetermined,,,,,"11/3/2021, 3:03 PM",,,,,,,,,SACC,,,,,,BU 198 Chipola Tract,,RX,FI,30,-84.99987,908,,,0,0,0,0,0,,000758,,,,Calhoun,FLFIC,12013,FS,FLFNF,USFS,Federal,,,,,,,SA43,FS,FLFNF,US-FL,,,,,,2021-FLFNF-000758,No Decision,wildcad,wildcad,0,,,"11/3/2021, 10:31 PM","12/8/2021, 8:54 PM",IRWIN
,DEFAULT,,,,214,1,FLFIC,,,,,,,Undetermined,,,,,"11/4/2021, 3:06 PM",,,,,,,,,SACC,,,,,,BU 198 Chipola Tract 1104,,RX,FI,30.40677,-85.25896,512,,,0,0,0,0,0,,000760,,,,Calhoun,FLFIC,12013,FS,FLFNF,USFS,Federal,,,,,,,SA43,FS,FLFNF,US-FL,,,,,,2021-FLFNF-000760,No Decision,wildcad,wildcad,0,,,"11/4/2021, 3:09 PM","12/8/2021, 8:53 PM",IRWIN
,DEFAULT,,,,100,1,UTNUC,,,,,,,Undetermined,,,,,"11/4/2021, 8:55 PM",,,,,,,,,GBCC,,,,,,Shingle Mill Piles,,RX,FI,40.47693,-111.1568,,,,0,1,0,0,0,,000956,,,,Wasatch,UTNUC,49051,FS,UTUWF,USFS,Federal,,,,,,,GB26,FS,UTUWF,US-UT,,,,,,2021-UTUWF-000956,No Decision,wildcad,wildcad,0,,,"11/5/2021, 1:40 AM","12/13/2021, 1:31 AM",IRWIN
,DEFAULT,,,,315,1,UTMFC,,,,,,,Undetermined,,,,,"11/8/2021, 5:37 PM",,,,,,,,,GBCC,,,,,,Shingle Mill RX,,RX,FI,37.8141,-109.4193,,,,0,0,0,0,0,,000558,,,,San Juan,UTMFC,49037,FS,UTMLF,USFS,Federal,,,,,,,GB32,FS,UTMLF,US-UT,,,,,,2021-UTMLF-000558,No Decision,wildcad,wildcad,0,,,"11/8/2021, 9:37 PM","12/3/2021, 9:29 PM",IRWIN
,DEFAULT,,,,55,1,UTRFC,,,,,,,Undetermined,,,,,"11/12/2021, 6:18 PM",,,,,,,,,GBCC,,,,,,Signal Peak RX,,RX,FI,38.61678,-111.9581,,,,0,0,0,0,0,,210554,,,,Sevier,UTRFC,49041,FS,UTFIF,USFS,Federal,,,,,,,GB28,FS,UTFIF,US-UT,,,,,,2021-UTFIF-210554,No Decision,wildcad,wildcad,0,,,"11/12/2021, 6:34 PM","12/6/2021, 1:12 AM",IRWIN
,DEFAULT,,,,168,1,MTMDC,,,,,,,Undetermined,,,,,"11/4/2021, 3:55 PM",,,,,,,,,NRCC,,,,,,Rx Camelflage Timber Sale Landing ,,RX,FI,47.35012,-115.2611,20,,,0,0,0,0,0,,001849,,,,Mineral,MTMDC,30061,FS,MTLNF,USFS,Federal,,,,,,,NR04,FS,MTLNF,US-MT,,,,,,2021-MTLNF-001849,No Decision,wildcad,wildcad,0,,,"11/16/2021, 6:36 PM","12/6/2021, 10:24 PM",IRWIN
,DEFAULT,342.52,,,275,100,WYCDC,,,,,,,Undetermined,Utilities,Power Generation/Transmission,PC4Z,,"11/16/2021, 8:24 AM",,,,,,,PN,,RMCC,,,,,,LOUIS LAMOUR,,WF,FI,44.96374,-109.2161,,"11/16/2021, 8:50 AM",0,0,1,0,0,0,,000517,,,,Park,WYCDC,56029,C&L,,Private,Private,,,,,,,RM02,C&L,WYPAX,US-WY,Grass-Shrub,GS2,,,,2021-WYPAX-000517,No Decision,wildcad,wildcad,0,,,"11/16/2021, 7:57 PM","11/30/2021, 11:27 PM",IRWIN
,DEFAULT,,,,3312,1,FLFIC,,,,,,,Undetermined,,,,,"11/9/2021, 2:41 PM",,,,,,,,,SACC,,,,,,BU 22 1109,,RX,FI,30.21593,-84.92751,3312,,,0,0,0,0,0,,000769,,,,Liberty,FLFIC,12077,FS,FLFNF,USFS,Federal,,,,,,,SA44,FS,FLFNF,US-FL,,,,,,2021-FLFNF-000769,No Decision,wildcad,wildcad,0,,,"11/16/2021, 10:04 PM","11/29/2021, 7:02 PM",IRWIN
,DEFAULT,,,,242,1,MTBDC,,,,,,,Human,Utilities,,,44001,"11/16/2021, 8:05 PM",,,,,,,,,NRCC,,,,,,Poweline,,WF,FI,46.56453,-109.7912,242,,,0,0,0,0,0,,210594,,,,Wheatland,MTBDC,30107,C&L,MTLG44,Private,Private,,,,,,,NR11,C&L,MTLG44,US-MT,Grass,GR2,,,,2021-MTLG44-210594,No Decision,wildcad,INFORM_Inspector,0,,,"11/17/2021, 12:58 AM","11/30/2021, 5:32 PM",IRWIN
,DEFAULT,,,,945,1,MSMIC,,,,,,,Undetermined,,,,,"11/17/2021, 5:28 PM",,,,,,,,,SACC,,,,,,CHICKASAWHAY CPT 358,,RX,FI,31.5336,-88.88557,,,,0,0,0,0,0,,000363,,,,Wayne,MSMIC,28153,FS,MSMNF,USFS,Federal,,,,,,,SA22A,FS,MSMNF,US-MS,,,,,,2021-MSMNF-000363,No Decision,wildcad,wildcad,0,,,"11/17/2021, 5:34 PM","12/3/2021, 7:48 PM",IRWIN
,DEFAULT,,,,1050,,NCNCSC,512656,,Minimal,Smoldering,,,Human,,,,,"11/27/2021, 10:30 PM",Type 4 Incident,,0,100,0,0,,,SACC,"12/7/2021, 11:00 PM","12/7/2021, 1:00 PM","12/7/2021, 11:00 PM",F,Type 4 IC,Grindstone,Pilot Mountain State Park,WF,FI,,,,,,0,,,,,0,210033,100,100,Pinnacle,Surry,NCNCC,37171,DFR,NCNCS,State,Other,,,,,,,SA32,DFR,NCNCS,US-NC,,,Closed Timber Litter,,5,2021-NCNCS-210033,No Decision,IROC,ics209,0,,,"11/28/2021, 7:28 PM","12/8/2021, 5:56 PM",IRWIN
,DEFAULT,,,,115,1,FLFIC,,,,,,,Undetermined,,,,,"11/29/2021, 3:15 PM",,,,,,,,,SACC,,,,,,CPT 102 Experimental Forest 1129,,RX,FI,30.19266,-82.43383,115,,,0,0,0,0,0,,000837,,,,Baker,FLFIC,12003,FS,FLFNF,USFS,Federal,,,,,,,SA45A,FS,FLFNF,US-FL,,,,,,2021-FLFNF-000837,No Decision,wildcad,wildcad,0,,,"11/29/2021, 9:20 PM","11/29/2021, 9:20 PM",IRWIN
,DEFAULT,,,,375,,ARAOC,6828,,Minimal,Smoldering,Creeping,,Human,,,,,"11/30/2021, 12:03 AM",Type 4 Incident,,0,100,0,0,,,SACC,"12/6/2021, 4:30 PM","12/5/2021, 2:17 AM","12/6/2021, 4:30 PM",F,Type 4 IC,Birdsong Crossing Fire,"Falls in both Pushmataha/Choctaw counties ; 2.5 miles SW of Rattan, OK",WF,FI,,,,,,0,,,,,0,100306,100,100,,Pushmataha,ARAOC,40127,DVF,OKOKS,State,Other,,,,,,,SA17A,DVF,OKOKS,US-OK,,,Timber (Litter and Understory),Tall Grass (2.5 feet),1,2021-OKOKS-100306,No Decision,ics209,ics209,0,,,"11/30/2021, 7:47 PM","12/7/2021, 3:55 PM",IRWIN
,DEFAULT,,,,,0.1,CARRCC,,,,,,,Undetermined,,,,,"12/1/2021, 5:13 AM",,,,,,,,,OSCC,,,,,,RIVER,,WF,FI,33.726328,-117.267907,,,,0,,,,,,166934,,,,Riverside,CARRCC,06065,,,Private,Private,,,,,,,SC08,CDF,CARRU,US-CA,,,,,,2021-CARRU-166934,No Decision,cfcad,INFORM_Inspector,0,,,"12/1/2021, 5:13 AM","12/10/2021, 6:40 PM",IRWIN
,DEFAULT,,,,900,,MTBFAC,192000,,Minimal,Smoldering,Smoldering,Smoldering,Undetermined,,,PDQ5,,"12/1/2021, 1:00 PM",Type 4 Incident,,0,100,0,0,,,NRCC,"12/10/2021, 1:30 AM","12/9/2021, 1:30 AM","12/10/2021, 1:30 AM",U,Type 4 IC,Dump Road,North of US 2 and Hwy 89,WF,FI,,,,,,0,1,0,0,0,0,000156,90,100,Browning,Glacier,MTBFAC,30035,BIA,MTBFA,BIA,Federal,,,,,,,NR10,BIA,MTBFA,US-MT,,,Short Grass (1 foot),Tall Grass (2.5 feet),14,2021-MTBFA-000156,No Decision,IROC,ics209,0,,,"12/1/2021, 3:18 PM","12/10/2021, 1:51 AM",IRWIN
,ICS209,,,,10644,1,MTLEC,325000,,Minimal,Smoldering,Long-range Spotting,,Human,,,PDR1,,"12/1/2021, 4:43 PM",Type 3 Incident,,0,100,0,0,,,NRCC,"12/6/2021, 11:00 PM","12/5/2021, 12:00 AM","12/6/2021, 11:00 PM",F,Type 3 IC,West Wind,Fire originated about 10 miles west of  Denton and burned through the Town,WF,FI,47.28637,-110.15795,2500,,,0,1,0,0,0,0,000596,100,100,,Judith Basin,MTLEC,30045,,,Private,Private,,,,,,,NR11,C&L,MTLG36,US-MT,,,Short Grass (1 foot),Brush (2 feet),11,2021-MTLG36-000596,No Decision,wildcad,ics209,0,,,"12/1/2021, 4:50 PM","12/7/2021, 12:25 AM",IRWIN
,DEFAULT,,,,580,1,MSMIC,,,,,,,Undetermined,,,,,"12/1/2021, 4:19 PM",,,,,,,,,SACC,,,,,,BIENVILLE CPT 14,,RX,FI,32.48318,-89.59841,580,,,0,0,0,0,0,,000364,,,,Scott,MSMIC,28123,FS,MSMNF,USFS,Federal,,,,,,,SA22A,FS,MSMNF,US-MS,,,,,,2021-MSMNF-000364,No Decision,wildcad,wildcad,0,,,"12/1/2021, 5:11 PM","12/2/2021, 1:14 AM",IRWIN
,DEFAULT,,,,183,,KYKIC,8500,,Minimal,Creeping,Creeping,Smoldering,Human,,,,,"11/30/2021, 9:45 PM",Type 5 Incident,,0,100,0,0,,,SACC,"12/3/2021, 8:00 PM","12/3/2021, 3:00 PM","12/3/2021, 8:00 PM",F,Type 5 IC,Big Creek Mountain,"5 miles south of Phelps, KY",WF,FI,,,,,,0,,,,,0,211950130,100,100,phelps,Pike,KYKIC,21195,,,Private,Private,,,,,,,SA27,DVF,KYKYS,US-KY,,,Timber (Litter and Understory),Hardwood Litter,6,2021-KYKYS-211950130,No Decision,ics209,ics209,0,,,"12/1/2021, 7:47 PM","12/5/2021, 4:08 AM",IRWIN
,DEFAULT,,,,40,1,NMSDC,,,,,,,Undetermined,,,,,"12/1/2021, 7:24 PM",,,,,,,,,SWCC,,,,,,D-5 District Wide Piles Rx,,RX,FI,32.93291,-108.0127,200,,,0,1,0,0,0,,000767,,,,Grant,NMSDC,35017,FS,NMGNF,USFS,Federal,,,,,,,SW08,FS,NMGNF,US-NM,,,,,,2021-NMGNF-000767,No Decision,wildcad,wildcad,0,,,"12/1/2021, 11:01 PM","12/10/2021, 10:09 PM",IRWIN
,DEFAULT,,,,216,,TNTNC,1000,,Minimal,,,,Human,,,,,"11/20/2021, 11:45 PM",Type 5 Incident,,0,100,0,0,,,SACC,"11/24/2021, 9:00 PM","11/22/2021, 3:00 PM","11/24/2021, 9:00 PM",F,Type 5 IC,Mountain Road,2 miles east of Caryville,WF,FI,,,,,,0,,,,,0,100003,100,100,Caryville,Campbell,TNTNC,47013,DVF,TNTNS,State,Other,,,,,,,SA25,DVF,TNTNS,US-TN,,,Timber (Grass and Understory),,,2021-TNTNS-100003,No Decision,ics209,ics209,0,,,"12/2/2021, 2:39 AM","12/2/2021, 2:39 AM",IRWIN
,DEFAULT,,,,436,,NCNCSC,34000,,Minimal,Smoldering,,,Undetermined,,,,,"11/30/2021, 8:53 PM",Type 4 Incident,,0,100,0,0,,,SACC,"12/4/2021, 11:00 PM","12/3/2021, 11:00 PM","12/4/2021, 11:00 PM",F,Type 4 IC,Huntsville Mountain,"Pogue Mountain in the Glenwood Community, approx. 6 miles southeast of Marion.",WF,FI,,,,,,0,,,,,0,210034,100,100,Marion,McDowell,NCNCC,37111,,,Private,Private,,,,,,,SA31A,DFR,NCNCS,US-NC,,,Hardwood Litter,,20,2021-NCNCS-210034,No Decision,IROC,ics209,0,,,"12/2/2021, 5:15 AM","12/5/2021, 3:32 PM",IRWIN
,DEFAULT,,,,585,1,MOMOC,,,,,,,Undetermined,,,,,"12/2/2021, 4:26 PM",,,,,,,,,EACC,,,,,,Cotham,,RX,FI,36.80378,-91.11462,,,,0,0,0,0,0,,000505,,,,Ripley,MOMOC,29181,,,Private,Private,,,,,,,EA13,FS,MOMTF,US-MO,,,,,,2021-MOMTF-000505,No Decision,wildcad,wildcad,0,,,"12/2/2021, 4:39 PM","12/3/2021, 3:11 AM",IRWIN
,DEFAULT,,,,936,1,MSMIC,,,,,,,Undetermined,,,,,"12/2/2021, 3:54 PM",,,,,,,,,SACC,,,,,,BIENVILLE CPT 11,,RX,FI,32.49542,-89.59442,,,,0,0,0,0,0,,000367,,,,Scott,MSMIC,28123,FS,MSMNF,USFS,Federal,,,,,,,SA22A,FS,MSMNF,US-MS,,,,,,2021-MSMNF-000367,No Decision,wildcad,wildcad,0,,,"12/2/2021, 7:29 PM","12/2/2021, 11:19 PM",IRWIN
,DEFAULT,,,,23,1,ARAOC,,,,,,,Human,,,PDX5,,"12/2/2021, 10:03 PM",,,,,,,PA,1522,SACC,,,,,,SOUTH RAIFORD,,WF,FI,35.23251,-95.79134,23,,,0,1,0,0,0,,002505,,,,McIntosh,ARAOC,40091,,,Private,Private,,,,,,,SA17A,BIA,OKOMA,US-OK,,,,,,2021-OKOMA-002505,No Decision,wildcad,wildcad,0,,,"12/3/2021, 12:46 AM","12/11/2021, 5:42 PM",IRWIN
,DEFAULT,,,,425,1,MSMIC,,,,,,,Undetermined,,,,,"12/3/2021, 6:13 PM",,,,,,,,,SACC,,,,,,DE SOTO 8301 FS 309-E,,RX,FI,30.97484,-88.85441,,,,0,0,0,0,0,,000372,,,,Perry,MSMIC,28111,FS,MSMNF,USFS,Federal,,,,,,,SA22A,FS,MSMNF,US-MS,,,,,,2021-MSMNF-000372,No Decision,wildcad,wildcad,0,,,"12/3/2021, 6:17 PM","12/3/2021, 11:07 PM",IRWIN
,DEFAULT,,,,1200,1,MSMIC,,,,,,,Undetermined,,,,,"12/3/2021, 6:25 PM",,,,,,,,,SACC,,,,,,TOMBIGBEE QUAIL SALE,,RX,FI,33.26722,-89.10298,,,,0,0,0,0,0,,000373,,,,Winston,MSMIC,28159,FS,MSMNF,USFS,Federal,,,,,,,SA22A,FS,MSMNF,US-MS,,,,,,2021-MSMNF-000373,No Decision,wildcad,wildcad,0,,,"12/3/2021, 6:34 PM","12/4/2021, 12:39 AM",IRWIN
,DEFAULT,,,,2775,,KYKIC,36400,,Minimal,Smoldering,Flanking,Backing,Human,,,,,"12/2/2021, 12:00 AM",Type 4 Incident,,50,50,0,0,,,SACC,"12/6/2021, 11:30 PM","12/6/2021, 3:00 PM","12/6/2021, 11:30 PM",F,Type 5 IC,Rockhouse Fork,"3 miles north of Buckhorn,KY",WF,FI,,,,,,0,,,,,0,210250140,100,100,Buckhorn,Breathitt,KYKIC,21025,,,Private,Private,,,,,,,SA27,DVF,KYKYS,US-KY,,,Timber (Litter and Understory),Hardwood Litter,6,2021-KYKYS-210250140,No Decision,ics209,ics209,0,,,"12/3/2021, 7:11 PM","12/9/2021, 12:02 AM",IRWIN
,DEFAULT,,,,497,1,MOMOC,,,,,,,Undetermined,,,,,"12/3/2021, 3:20 PM",,,,,,,,,EACC,,,,,,Johnson Mountain ,,RX,FI,37.726667,-90.901667,,,,0,0,0,0,0,,000511,,,,Iron,MOMOC,29093,FS,MOMTF,USFS,Federal,,,,,,,EA13,FS,MOMTF,US-MO,,,,,,2021-MOMTF-000511,No Decision,wildcad,wildcad,0,,,"12/3/2021, 7:12 PM","12/4/2021, 2:27 AM",IRWIN
,DEFAULT,,,,500,,KYKIC,5500,,Minimal,Creeping,Flanking,Backing,Human,,,,,"12/1/2021, 11:45 PM",Type 4 Incident,,50,50,0,0,,,SACC,"12/6/2021, 2:00 AM","12/5/2021, 3:00 PM","12/6/2021, 2:00 AM",F,Type 4 IC,Jones Fork,5 miles east of Fedscreek KY,WF,FI,,,,,,0,,,,,0,211950139,100,100,Pikeville,Pike,KYKIC,21195,,,Private,Private,,,,,,,SA27,DVF,KYKYS,US-KY,,,Timber (Litter and Understory),,20,2021-KYKYS-211950139,No Decision,ics209,ics209,0,,,"12/4/2021, 4:28 AM","12/6/2021, 6:05 AM",IRWIN
,DEFAULT,,,,15,1,TNTNC,,,,,,,Undetermined,,,,,"12/1/2021, 3:56 PM",,,,,,,,,SACC,,,,,,RX- Parksville Admin Unit,,RX,FI,35.11592,-84.5742,,,,0,0,0,0,0,,000229,,,,Polk,TNTNC,47139,FS,TNCNF,USFS,Federal,,,,,,,SA25B,FS,TNCNF,US-TN,,,,,,2021-TNCNF-000229,No Decision,wildcad,wildcad,0,,,"12/4/2021, 11:51 PM","12/9/2021, 10:54 PM",IRWIN
,DEFAULT,,,,655,1,MOMOC,,,,,,,Undetermined,,,,,"12/4/2021, 4:07 PM",,,,,,,,,EACC,,,,,,Hodo 1,,RX,FI,36.8049,-91.1408,,,,0,0,0,0,0,,000515,,,,Oregon,MOMOC,29149,FS,MOMTF,USFS,Federal,,,,,,,EA13,FS,MOMTF,US-MO,,,,,,2021-MOMTF-000515,No Decision,wildcad,wildcad,0,,,"12/5/2021, 12:40 AM","12/5/2021, 12:40 AM",IRWIN
,DEFAULT,,,,194,,KYKIC,3768,,Minimal,Smoldering,Backing,Backing,Human,,,,,"12/3/2021, 9:00 PM",Type 5 Incident,,0,100,0,0,,,SACC,"12/6/2021, 9:00 PM","12/6/2021, 2:00 AM","12/6/2021, 9:00 PM",F,Type 5 IC,Flat Gap Rd.,4.2 miles North West of Hazard KY,WF,FI,,,,,,0,,,,,0,211930182,100,100,Hazard,Perry,KYKIC,21193,,,Private,Private,,,,,,,SA27,DVF,KYKYS,US-KY,,,Tall Grass (2.5 feet),Timber (Grass and Understory),10,2021-KYKYS-211930182,No Decision,ics209,ics209,0,,,"12/5/2021, 3:40 AM","12/6/2021, 10:05 PM",IRWIN
,DEFAULT,,,,250,,KYKIC,3300,,Moderate,Flanking,Creeping,Flanking,Human,,,,,"12/3/2021, 6:00 AM",Type 5 Incident,,0,100,0,0,,,SACC,"12/4/2021, 9:00 PM","12/4/2021, 3:00 PM","12/4/2021, 9:00 PM",F,Type 5 IC,Combs Mills Rd.,2.5 Miles North of Vicco KY,WF,FI,,,,,,0,,,,,0,211190173,100,100,Vicco,Knott,KYKIC,21119,,,Private,Private,,,,,,,SA27,DVF,KYKYS,US-KY,,,Timber (Litter and Understory),Timber (Grass and Understory),7,2021-KYKYS-211190173,No Decision,ics209,ics209,0,,,"12/5/2021, 3:41 AM","12/6/2021, 12:56 AM",IRWIN
,DEFAULT,,,,113,0.1,NMABC,,,,,,,Undetermined,,,PD02,,"12/4/2021, 8:00 PM",,,,,,,PA,1522,SWCC,,,,,,SHREK,,WF,FI,35.55433,-106.3519,113,,,0,1,0,0,1,,000396,,,,Sandoval,NMABC,35043,BIA,NMSPA,BIA,Federal,,,,,,,SW07,BIA,NMSPA,US-NM,,,,,,2021-NMSPA-000396,No Decision,wildcad,firecode,0,,,"12/5/2021, 5:34 AM","12/5/2021, 5:44 AM",IRWIN
,DEFAULT,,,,249,,KYKIC,6000,,Moderate,Running,Flanking,Wind Driven Runs,Human,,,,,"12/2/2021, 10:15 PM",Type 5 Incident,,0,100,0,0,,,SACC,"12/5/2021, 4:00 AM","12/2/2021, 10:15 PM","12/5/2021, 4:00 AM",F,Type 5 IC,Curry Branch #2,"1.5 miles SW of Hima, KY on Crawfish Br Rd",WF,FI,,,,,,0,,,,,0,21-00608,100,100,Manchester,Clay,KYKIC,21051,,,Private,Private,,,,,,,SA27,DVF,KYKYS,US-KY,,,Timber (Litter and Understory),,15,2021-KYKYS-21-00608,No Decision,ics209,ics209,0,,,"12/5/2021, 5:35 AM","12/5/2021, 5:35 AM",IRWIN
,DEFAULT,,,,967,,KYKIC,8200,,Minimal,Wind Driven Runs,Running,Flanking,Human,,,,,"12/2/2021, 11:15 PM",Type 5 Incident,,0,100,0,0,,,SACC,"12/6/2021, 8:45 PM","12/6/2021, 3:00 PM","12/6/2021, 8:45 PM",F,Type 5 IC,Paul Reynolds Road,"4.5 miles SE of Siler, KY on KY 92.",WF,FI,,,,,,0,,,,,0,21-00609,100,100,Williamsburg,Whitley,KYKIC,21235,,,Private,Private,,,,,,,SA27,DVF,KYKYS,US-KY,,,Medium Logging Slash,Timber (Litter and Understory),13,2021-KYKYS-21-00609,No Decision,ics209,ics209,0,,,"12/5/2021, 6:04 AM","12/6/2021, 10:01 PM",IRWIN
,DEFAULT,,,,484,,KYKIC,6000,,Minimal,Wind Driven Runs,Creeping,Smoldering,Human,,,,,"12/3/2021, 4:45 AM",Type 5 Incident,,0,100,0,0,,,SACC,"12/6/2021, 4:00 AM","12/5/2021, 4:00 AM","12/6/2021, 4:00 AM",F,Type 5 IC,Bishops Bend,3.5 miles S of Ricetown on HWY 2024,WF,FI,,,,,,0,,,,,0,21-00610,100,100,Boonville,Owsley,KYKIC,21189,,,Private,Private,,,,,,,SA27,DVF,KYKYS,US-KY,,,Medium Logging Slash,Timber (Litter and Understory),11,2021-KYKYS-21-00610,No Decision,ics209,ics209,0,,,"12/5/2021, 6:20 AM","12/6/2021, 6:04 AM",IRWIN
,DEFAULT,,,,5988,1,LALIC,,,,,,,Undetermined,,,,,"12/5/2021, 4:40 PM",,,,,,,,,SACC,,,,,,"C-368, 366, 365, 364, 75",,RX,FI,31.16089,-92.60435,5988,,,0,0,0,0,0,,000169,,,,Rapides,LALIC,22079,FS,LAKIF,USFS,Federal,,,,,,,SA19,FS,LAKIF,US-LA,,,,,,2021-LAKIF-000169,No Decision,wildcad,wildcad,0,,,"12/6/2021, 12:14 AM","12/6/2021, 12:14 AM",IRWIN
,DEFAULT,,,,312,,KYKIC,6500,,Minimal,Smoldering,Flanking,Backing,Human,,,,,"12/2/2021, 9:30 PM",Type 5 Incident,,0,100,0,0,,,SACC,"12/5/2021, 3:00 PM","12/5/2021, 6:00 AM","12/5/2021, 3:00 PM",F,Type 5 IC,Big South Fork,3 miles South East of Jackson KY.,WF,FI,,,,,,0,,,,,0,210250149,100,100,Jackson,Breathitt,KYKIC,21025,,,Private,Private,,,,,,,SA27,DVF,KYKYS,US-KY,,,Timber (Litter and Understory),,10,2021-KYKYS-210250149,No Decision,ics209,ics209,0,,,"12/6/2021, 12:56 AM","12/6/2021, 10:04 PM",IRWIN
,DEFAULT,,,,455,,KYKIC,14200,,Minimal,Smoldering,Uphill Runs,Flanking,Human,,,,,"12/3/2021, 6:00 PM",Type 5 Incident,,0,100,0,0,,,SACC,"12/7/2021, 11:30 PM","12/7/2021, 3:00 PM","12/7/2021, 11:30 PM",F,Type 5 IC,Dusty Trail Lane,1 mile north East of Mozelle KY.,WF,FI,,,,,,0,,,,,0,211310174,100,100,Hyden,Leslie,KYKIC,21131,,,Private,Private,,,,,,,SA27,DVF,KYKYS,US-KY,,,Timber (Litter and Understory),Tall Grass (2.5 feet),3,2021-KYKYS-211310174,No Decision,ics209,ics209,0,,,"12/6/2021, 12:57 AM","12/9/2021, 4:39 PM",IRWIN
,DEFAULT,,,,248,,KYKIC,8000,,Minimal,Smoldering,Backing,Smoldering,Human,,,,,"12/2/2021, 8:45 PM",Type 5 Incident,,0,100,0,0,,,SACC,"12/5/2021, 11:00 PM","12/5/2021, 3:15 PM","12/5/2021, 11:00 PM",F,Type 5 IC,Bear Fork,3 miles South East of Dorton KY.,WF,FI,,,,,,0,,,,,0,211950179,100,100,Dorton,Pike,KYKIC,21195,,,Private,Private,,,,,,,SA27,DVF,KYKYS,US-KY,,,Timber (Litter and Understory),Tall Grass (2.5 feet),7,2021-KYKYS-211950179,No Decision,ics209,ics209,0,,,"12/6/2021, 12:57 AM","12/9/2021, 12:03 AM",IRWIN
,DEFAULT,,,,150,,KYKIC,2400,,Minimal,Smoldering,Flanking,,Human,,,,,"12/3/2021, 9:00 PM",Type 5 Incident,,0,100,0,0,,,SACC,"12/6/2021, 4:30 PM","12/5/2021, 3:00 PM","12/6/2021, 4:30 PM",F,Type 5 IC,Little Leatherwood,4.25 Miles South of Lost Creek KY.,WF,FI,,,,,,0,,,,,0,210250177,100,100,Jackson,Breathitt,KYKIC,21025,,,Private,Private,,,,,,,SA27,DVF,KYKYS,US-KY,,,Timber (Litter and Understory),,6,2021-KYKYS-210250177,No Decision,ics209,ics209,0,,,"12/6/2021, 12:56 AM","12/6/2021, 10:04 PM",IRWIN
,DEFAULT,,,,800,,KYKIC,8300,,Minimal,Wind Driven Runs,Running,Flanking,Human,,,,,"12/5/2021, 3:30 AM",Type 5 Incident,,0,100,0,0,,,SACC,"12/6/2021, 8:30 PM","12/6/2021, 3:00 PM","12/6/2021, 8:30 PM",F,Type 5 IC,Billys Branch,1.0 miles East of Goose Rock on KY HWY 421.,WF,FI,,,,,,0,,,,,0,21-00611,100,100,Manchester,Clay,KYKIC,21051,,,Private,Private,,,,,,,SA27,DVF,KYKYS,US-KY,,,Timber (Litter and Understory),Medium Logging Slash,17,2021-KYKYS-21-00611,No Decision,ics209,ics209,0,,,"12/6/2021, 6:04 AM","12/6/2021, 10:02 PM",IRWIN
,DEFAULT,,,,40,1,FLFIC,,,,,,,Undetermined,,,,,"12/6/2021, 4:23 PM",,,,,,,,,SACC,,,,,,CE 27 1205,,RX,FI,27.10666,-81.08321,40,,,0,0,0,0,0,,000859,,,,Glades,FLFIC,12043,BIA,FLSEA,BIA,Federal,,,,,,,SA48,BIA,FLSEA,US-FL,,,,,,2021-FLSEA-000859,No Decision,wildcad,wildcad,0,,,"12/6/2021, 4:30 PM","12/6/2021, 11:54 PM",IRWIN
,DEFAULT,,,,0.1,1,NMSDC,,,,,,,Undetermined,,,PD41,,"12/6/2021, 1:32 AM",,,,,,,P3,,SWCC,,,,,,769,,WF,FI,32.81838,-108.1474,,,,0,1,0,0,0,,000769,,,,Grant,NMSDC,35017,FS,NMGNF,USFS,Federal,,,,,,,SW08,FS,NMGNF,US-NM,,,,,,2021-NMGNF-000769,No Decision,wildcad,firecode,0,,,"12/6/2021, 6:00 PM","12/13/2021, 6:03 PM",IRWIN
,DEFAULT,,,,226,,KYKIC,3800,,Minimal,,,,Human,,,,,"12/5/2021, 8:00 PM",Type 5 Incident,,0,100,0,0,,,SACC,"12/6/2021, 9:30 PM","12/6/2021, 3:00 PM","12/6/2021, 9:30 PM",F,Type 5 IC,Cotton Bend #4,"3.0 Miles Northeast of Manchester, on Panama School Rd",WF,FI,,,,,,0,,,,,0,21-00613,100,100,Manchester,Clay,KYKIC,21051,,,Private,Private,,,,,,,SA27,DVF,KYKYS,US-KY,,,Hardwood Litter,Timber (Litter and Understory),7,2021-KYKYS-21-00613,No Decision,ics209,ics209,0,,,"12/6/2021, 10:03 PM","12/6/2021, 10:03 PM",IRWIN
,DEFAULT,235.52,,,235.52,,KYKIC,6800,,Minimal,,,,Human,,,,,"12/5/2021, 7:45 PM",Type 5 Incident,,0,100,0,0,,,SACC,"12/6/2021, 9:00 PM","12/6/2021, 3:00 PM","12/6/2021, 9:00 PM",F,Type 5 IC,Left Fork - Island Creek,"1.0 Miles East of Island City Ky, on Hwy 1350",WF,FI,,,,,,0,,,,,0,21-00612,100,100,Booneville,Owsley,KYKIC,21189,,,Private,Private,,,,,,,SA27,DVF,KYKYS,US-KY,Timber,TL6,Medium Logging Slash,Timber (Grass and Understory),11,2021-KYKYS-21-00612,No Decision,ics209,INFORM_Inspector,0,,,"12/6/2021, 10:02 PM","12/10/2021, 3:29 PM",IRWIN
,DEFAULT,,,,310,,KYKIC,6000,,Minimal,Smoldering,Running,Uphill Runs,Human,,,,,"12/5/2021, 2:30 AM",Type 5 Incident,,50,50,0,0,,,SACC,"12/6/2021, 11:30 PM","12/6/2021, 3:00 PM","12/6/2021, 11:30 PM",F,Type 5 IC,Daniels Cemetery Road,".5 miles south of Yerkes, KY",WF,FI,,,,,,0,,,,,0,211930202,100,100,Yerkes,Perry,KYKIC,21193,,,Private,Private,,,,,,,SA27,DVF,KYKYS,US-KY,,,Timber (Litter and Understory),Light Logging Slash,12,2021-KYKYS-211930202,No Decision,ics209,ics209,0,,,"12/6/2021, 10:05 PM","12/9/2021, 12:03 AM",IRWIN
,DEFAULT,,,,441,,KYKIC,5300,,Minimal,Smoldering,Running,Flanking,Human,,,,,"12/5/2021, 10:15 PM",Type 5 Incident,,50,50,0,0,,,SACC,"12/7/2021, 11:30 PM","12/7/2021, 3:00 PM","12/7/2021, 11:30 PM",F,Type 5 IC,Flatwoods,"3 miles east of Dorton, KY",WF,FI,,,,,,0,,,,,0,211950212,100,100,Dorton,Pike,KYKIC,21195,,,Private,Private,,,,,,,SA27,DVF,KYKYS,US-KY,,,Hardwood Litter,Timber (Litter and Understory),6,2021-KYKYS-211950212,No Decision,ics209,ics209,0,,,"12/6/2021, 10:05 PM","12/9/2021, 4:39 PM",IRWIN
,DEFAULT,,,,36,1,MIMIDC,,,,,,,Undetermined,,,,,"12/7/2021, 6:16 PM",,,,,,,,,EACC,,,,,,Fuji Piles,,RX,FI,46.37329,-84.73794,4,,,0,0,0,0,0,,210381,,,,Chippewa,MIMIDC,26033,FS,MIHIF,USFS,Federal,,,,,,,EA06,FS,MIHIF,US-MI,,,,,,2021-MIHIF-210381,No Decision,wildcad,wildcad,0,,,"12/7/2021, 6:18 PM","12/8/2021, 8:21 PM",IRWIN
,DEFAULT,,,,20,1,ARAOC,,,,,,,Undetermined,,,,,"12/7/2021, 6:51 PM",,,,,,,,,SACC,,,,,,ALVIN HARJO,,RX,FI,35.3294,-96.633,,,,0,0,0,0,0,,002528,,,,Seminole,ARAOC,40133,BIA,OKWEA,BIA,Federal,,,,,,,SA03,BIA,OKWEA,US-OK,,,,,,2021-OKWEA-002528,No Decision,wildcad,wildcad,0,,,"12/7/2021, 6:52 PM","12/7/2021, 6:53 PM",IRWIN
,DEFAULT,,,,20,1,MTLEC,,,,,,,Undetermined,,,,,"9/6/2021, 11:19 PM",,,,,,,,,NRCC,,,,,,FPA-2021-550,,WF,FI,48.084074,-105.065979,20,,,0,0,0,0,0,,000550,,,,Roosevelt,MTFPAC,30085,,MTAST,Tribal,Other,,,,,,,NR15,BIA,MTFPA,US-MT,,,,,,2021-MTFPA-000550,No Decision,wildcad,wildcad,0,,,"12/8/2021, 5:31 PM","12/8/2021, 7:06 PM",IRWIN
,DEFAULT,,,,180,180,INIIC,,,,,,,,,,,,"12/2/2021, 8:00 PM",,,,,,,,,EACC,,,,,,22-INDU Hobart Prairie Grove ONPS,,RX,FI,,,,,,0,1,,,,,210032,,,,Lake,INIIC,18089,NPS,INIDP,NPS,Federal,,,,,,,EA11,NPS,INIDP,US-IN,Timber,TL9,,,,2021-INIDP-210032,No Decision,INFORM_Inspector,INFORM_Inspector,0,,,"12/8/2021, 5:52 PM","12/10/2021, 9:40 PM",IRWIN
,DEFAULT,,,,70,70,MTLEC,,,,,,,Undetermined,,,,,"11/15/2021, 10:12 PM",,,,,,,,,NRCC,,,,,,MTLG36-601,,WF,FI,47.267667,-110.500667,,,,0,0,0,0,0,,000601,,,,Judith Basin,MTLEC,30045,,,Private,Private,,,,,,,NR11,C&L,MTLG36,US-MT,,,,,,2021-MTLG36-000601,No Decision,wildcad,wildcad,0,,,"12/8/2021, 10:15 PM","12/8/2021, 10:15 PM",IRWIN
,DEFAULT,,,,30,1,ARAOC,,,,,,,Undetermined,,,,,"12/2/2021, 7:00 PM",,,,,,,,,SACC,,,,,,Kialegee,,RX,FI,35.2375,-96.279722,30,,,0,0,0,0,0,,002500,,,,Hughes,ARAOC,40063,,,Private,Private,,,,,,,SA17A,BIA,OKOMA,US-OK,,,,,,2021-OKOMA-002500,No Decision,wildcad,wildcad,0,,,"12/8/2021, 11:35 PM","12/8/2021, 11:35 PM",IRWIN
,DEFAULT,,,,9.5,1,SDGPC,,,,,,,Human,,,PD3D,,"12/9/2021, 8:17 PM",,,,,,,PR,1522,RMCC,,,,,,Prairie Dog,,WF,FI,40.39803,-99.14119,,,,0,1,0,0,0,,210978,,,,Kearney,SDGPC,31099,,,Private,Private,,,,,,,RM67,FWS,NERBR,US-NE,,,,,,2021-NERBR-210978,No Decision,wildcad,wildcad,0,,,"12/9/2021, 9:22 PM","12/10/2021, 7:45 PM",IRWIN
,DEFAULT,235,,,235,235,KYKIC,,,,,,,Undetermined,,,PD3Q,,"12/10/2021, 4:19 PM",,,,,,,PN,1522,SACC,,,,,,Left Fork Island Creek,,WF,FI,37.371389,-83.749444,,,,0,1,1,0,0,,210232,,,,Owsley,KYKIC,21189,,,Private,Private,,,,,,,SA27,DVF,KYKYS,US-KY,,,,,,2021-KYKYS-210232,No Decision,wildcad,INFORM_Inspector,0,,,"12/10/2021, 5:37 PM","12/10/2021, 5:45 PM",IRWIN
,DEFAULT,,,,1,1,NMSDC,,,,,,,Undetermined,,,,,"12/10/2021, 5:47 PM",,,,,,,,,SWCC,,,,,,Glenwood District Wide Piles Rx,,RX,FI,33.30736,-108.8875,,,,0,1,0,0,0,,000771,,,,Catron,NMSDC,35003,FS,NMGNF,USFS,Federal,,,,,,,SW08,FS,NMGNF,US-NM,,,,,,2021-NMGNF-000771,No Decision,wildcad,wildcad,0,,,"12/10/2021, 6:50 PM","12/10/2021, 6:50 PM",IRWIN
,DEFAULT,,,,1,1,NMSDC,,,,,,,Undetermined,,,,,"12/10/2021, 7:46 PM",,,,,,,,,SWCC,,,,,,Poverty Creek WUI Rx,,RX,FI,33.47534,-107.797,203,,,0,1,0,0,0,,000772,,,,Sierra,NMSDC,35051,FS,NMGNF,USFS,Federal,,,,,,,SW08,FS,NMGNF,US-NM,,,,,,2021-NMGNF-000772,No Decision,wildcad,wildcad,0,,,"12/10/2021, 8:26 PM","12/10/2021, 8:26 PM",IRWIN
,DEFAULT,,,,,0.1,CARRCC,,,,,,,Undetermined,,,,,"12/10/2021, 8:27 PM",,,,,,,,,OSCC,,,,,,HEMLOCK AV / PERRIS BL,,WF,FI,33.942702,-117.22644,,,,0,0,0,0,0,,171913,,,,Riverside,CARRCC,06065,,,Private,Private,,,,,,,SC08,CDF,CARRU,US-CA,,,,,,2021-CARRU-171913,No Decision,cfcad,cfcad,0,,,"12/10/2021, 8:40 PM","12/10/2021, 8:40 PM",IRWIN
,DEFAULT,,,,,0.1,CARRCC,,,,,,,Undetermined,,,,,"12/10/2021, 9:17 PM",,,,,,,,,OSCC,,,,,,E ST  HEM,,WF,FI,33.745806,-116.892386,,,,0,0,0,0,0,,171944,,,,Riverside,CARRCC,06065,,,Private,Private,,,,,,,SC08,CDF,CARRU,US-CA,,,,,,2021-CARRU-171944,No Decision,cfcad,cfcad,0,,,"12/10/2021, 9:44 PM","12/10/2021, 9:44 PM",IRWIN
,DEFAULT,,,,,0.01,CALACC,,,,,,,Undetermined,,,,,"12/10/2021, 9:46 PM",,,,,,,,,OSCC,,,,,,LAC-394937,,WF,FI,34.70395,-118.16587,,,,0,,,,,,394937,,,,Los Angeles,CALACC,06037,,,Private,Private,,,,,,,SC15,C&L,CALAC,US-CA,,,,,,2021-CALAC-394937,No Decision,lacocad,lacocad,0,,,"12/10/2021, 9:48 PM","12/10/2021, 9:48 PM",IRWIN
,DEFAULT,,,,,0.1,CARRCC,,,,,,,Undetermined,,,,,"12/10/2021, 9:57 PM",,,,,,,,,OSCC,,,,,,WITHROW ELEMENTARY SCH ELCA,,WF,FI,33.683847,-117.3946,,,,0,,,,,,171959,,,,Riverside,CARRCC,06065,,,Private,Private,,,,,,,SC08,CDF,CARRU,US-CA,,,,,,2021-CARRU-171959,No Decision,cfcad,cfcad,0,,,"12/10/2021, 9:58 PM","12/10/2021, 10:01 PM",IRWIN
,DEFAULT,,,,10500,1,FLFIC,,,,,,,Undetermined,,,,,"3/3/2021, 2:05 PM",,,,,,,,,SACC,,,,,,Raccoon Point RX,,RX,FI,25.98514,-80.90269,1500,,,0,0,0,0,0,,000210,,,,Collier,FLFIC,12021,NPS,FLBCP,NPS,Federal,,,,,,,SA50,NPS,FLBCP,US-FL,,,,,,2021-FLBCP-000210,No Decision,wildcad,wildcad,0,,,"12/10/2021, 9:56 PM","12/10/2021, 9:56 PM",IRWIN
,DEFAULT,,,,,0.1,CARRCC,,,,,,,Undetermined,,,,,"12/10/2021, 10:16 PM",,,,,,,,,OSCC,,,,,,I 10  E/ RAMSEY ST ONRP,,WF,FI,33.928,-116.845189,,,,0,0,0,0,0,,171964,,,,Riverside,CARRCC,06065,,,Private,Private,,,,,,,SC08,CDF,CARRU,US-CA,,,,,,2021-CARRU-171964,No Decision,cfcad,cfcad,0,,,"12/10/2021, 10:26 PM","12/10/2021, 10:46 PM",IRWIN
,DEFAULT,,,,1005.4,0.1,NMABC,64173,,Minimal,Smoldering,Torching,,Human,,,PD3V,,"12/10/2021, 10:17 PM",Type 3 Incident,,0,100,0,0,P3,0303,SWCC,"12/13/2021, 7:00 AM","12/12/2021, 4:00 AM","12/13/2021, 7:00 AM",U,Type 3 IC,BURKS,"1.6 miles SE of Reydon, OK",WF,FI,35.66993,-100.0255,1500,,,0,1,0,0,1,0,000399,80,100,,Roger Mills,ARAOC,40129,DVF,OKOKS,State,Other,,,,,,,SW13,DVF,OKOKS,US-OK,,,Tall Grass (2.5 feet),Timber (Grass and Understory),7,2021-OKOKS-000399,No Decision,wildcad,ics209,0,,,"12/10/2021, 10:53 PM","12/13/2021, 7:08 AM",IRWIN
,DEFAULT,,,,2300,500,TXTIC,0,,Minimal,Smoldering,Creeping,,Undetermined,Undetermined,,PD30,,"12/10/2021, 9:19 PM",Type 4 Incident,,,,,,,,SACC,"12/13/2021, 2:00 AM","12/12/2021, 4:00 PM","12/13/2021, 2:00 AM",F,Type 4 IC,Electra Complex,Fire is just outside Electra to the north and west.,CX,FI,34.0370345,-98.92943152,,,,0,,,,,0,213509,40,100,Electra,Wichita,TXTIC,48485,SFS,TXTXS,Private,Private,,,,,,,SA05,SFS,TXTXS,US-TX,,,Tall Grass (2.5 feet),Brush (2 feet),38,2021-TXTXS-213509,No Decision,wires,ics209,0,,,"12/10/2021, 11:00 PM","12/13/2021, 5:05 AM",IRWIN
,DEFAULT,,,,890,20,TXTIC,0,,Minimal,Smoldering,,,Undetermined,Undetermined,,,,"12/10/2021, 9:24 PM",Type 5 Incident,,0,100,0,0,,,SACC,"12/11/2021, 8:00 PM","12/11/2021, 4:00 PM","12/11/2021, 8:00 PM",F,Type 5 IC,Live,about 14 miles north of Abiliene,WF,FI,32.708713,-99.76203,,,,0,,,,,0,213505,100,100,,Jones,TXTIC,48253,SFS,TXTXS,Private,Private,,,,,,,SA05,SFS,TXTXS,US-TX,,,Tall Grass (2.5 feet),Brush (2 feet),23,2021-TXTXS-213505,No Decision,wires,ics209,0,,,"12/10/2021, 11:06 PM","12/12/2021, 5:37 AM",IRWIN
,DEFAULT,,,,0.1,1,CASBCC,,,,,,,Undetermined,,,PD39,,"12/10/2021, 11:33 PM",,,,,,,,,OSCC,,,,,,VEG/ZL/7543,,WF,FI,34.75892,-117.0098,,,,0,1,0,0,0,,018938,,,,San Bernardino,CASBCC,06071,,,Private,Private,,,,,,,SC14,BLM,CACDD,US-CA,,,,,,2021-CACDD-018938,No Decision,wildcad,firecode,0,,,"12/10/2021, 11:56 PM","12/11/2021, 10:04 PM",IRWIN
,DEFAULT,,,,3607,500,TXTIC,0,,Minimal,Smoldering,Creeping,,Human,Utilities,Power Generation/Transmission,,,"12/10/2021, 10:57 PM",Type 5 Incident,,0,100,0,0,,,SWCC,"12/13/2021, 4:00 AM","12/12/2021, 4:00 PM","12/13/2021, 4:00 AM",U,Type 4 IC,Twin Creek,about 30 miles north of Amarillo Texas,WF,FI,35.659417,-101.871421,,,,0,,,,,1,213510,98,100,,Moore,TXTIC,48341,SFS,TXTXS,Private,Private,,,,,,,SW13,SFS,TXTXS,US-TX,,,Tall Grass (2.5 feet),Brush (2 feet),55,2021-TXTXS-213510,No Decision,wires,wires,0,,,"12/11/2021, 12:23 AM","12/13/2021, 5:49 PM",IRWIN
,DEFAULT,,,,,0.1,CASCCC,,,,,,,Undetermined,,,,,"12/11/2021, 12:14 AM",,,,,,,,,ONCC,,,,,,HIGHLAND,,WF,FI,37.074451,-121.604143,,,,0,0,0,0,0,,009229,,,,Santa Clara,CASCCC,06085,,,Private,Private,,,,,,,NC03A,,CASCU,US-CA,,,,,,2021-CASCU-009229,No Decision,cfcad,cfcad,0,,,"12/11/2021, 12:55 AM","12/11/2021, 12:59 AM",IRWIN
,DEFAULT,,,,,0.1,CARRCC,,,,,,,Undetermined,,,,,"12/11/2021, 12:36 AM",,,,,,,,,OSCC,,,,,,JUNIPER FLATS RD / HY 74  E,,WF,FI,33.757839,-117.112942,,,,0,0,0,0,0,,172026,,,,Riverside,CARRCC,06065,,,Private,Private,,,,,,,SC08,CDF,CARRU,US-CA,,,,,,2021-CARRU-172026,No Decision,cfcad,cfcad,0,,,"12/11/2021, 1:39 AM","12/11/2021, 1:40 AM",IRWIN
,DEFAULT,,,,,0.1,CARRCC,,,,,,,Undetermined,,,,,"12/11/2021, 1:32 AM",,,,,,,,,OSCC,,,,,,RAMON RD  THOU,,WF,FI,33.816461,-116.392852,,,,0,0,0,0,0,,172051,,,,Riverside,CARRCC,06065,,,Private,Private,,,,,,,SC12,CDF,CARRU,US-CA,,,,,,2021-CARRU-172051,No Decision,cfcad,cfcad,0,,,"12/11/2021, 1:54 AM","12/11/2021, 1:54 AM",IRWIN
,DEFAULT,,,,,,CARRCC,,,,,,,,,,PD3X,,"11/2/2021, 4:00 PM",,,,,,,,,OSCC,,,,,,WASHINGTON 3,,WF,FI,,,,,,0,0,0,0,0,,003313,,,,Riverside,CARRCC,06065,FWS,CACVR,USFWS,Federal,,,,,,,SC12,FWS,CACVR,US-CA,,,,,,2021-CACVR-003313,No Decision,firecode,firecode,0,,,"12/11/2021, 2:23 AM","12/11/2021, 2:23 AM",IRWIN
,DEFAULT,,,,,0.1,CARRCC,,,,,,,Undetermined,,,,,"12/11/2021, 2:19 AM",,,,,,,,,OSCC,,,,,,MISSION BL / WALLACE ST,,WF,FI,33.9945,-117.402168,,,,0,0,0,0,0,,172069,,,,Riverside,CARRCC,06065,,,Private,Private,,,,,,,SC08,CDF,CARRU,US-CA,,,,,,2021-CARRU-172069,No Decision,cfcad,cfcad,0,,,"12/11/2021, 2:30 AM","12/11/2021, 2:30 AM",IRWIN
,DEFAULT,,,,,0.1,CARRCC,,,,,,,Undetermined,,,,,"12/11/2021, 2:35 AM",,,,,,,,,OSCC,,,,,,DAY ST OFRP  / HY 60  W,,WF,FI,33.941821,-117.273734,,,,0,0,0,0,0,,172082,,,,Riverside,CARRCC,06065,,,Private,Private,,,,,,,SC08,CDF,CARRU,US-CA,,,,,,2021-CARRU-172082,No Decision,cfcad,cfcad,0,,,"12/11/2021, 2:53 AM","12/11/2021, 2:53 AM",IRWIN
,DEFAULT,,,,,0.1,CAFKCC,,,,,,,Undetermined,,,,,"12/11/2021, 3:32 AM",,,,,,,,,OSCC,,,,,,FAIRFAX,,WF,FI,36.850879,-120.563198,,,,0,0,0,0,0,,019895,,,,Fresno,CASICC,06019,,,Private,Private,,,,,,,SC05,CDF,CAFKU,US-CA,,,,,,2021-CAFKU-019895,No Decision,cfcad,cfcad,0,,,"12/11/2021, 3:54 AM","12/11/2021, 3:54 AM",IRWIN
,DEFAULT,,,,,0.1,CARRCC,,,,,,,Undetermined,,,,,"12/11/2021, 4:38 AM",,,,,,,,,OSCC,,,,,,HY 111   RANM,,WF,FI,33.768969,-116.446013,,,,0,0,0,0,0,,172157,,,,Riverside,CARRCC,06065,,,Private,Private,,,,,,,SC12,CDF,CARRU,US-CA,,,,,,2021-CARRU-172157,No Decision,cfcad,cfcad,0,,,"12/11/2021, 4:53 AM","12/11/2021, 4:53 AM",IRWIN
,DEFAULT,,,,,0.01,CALACC,,,,,,,Undetermined,,,,,"12/11/2021, 4:58 AM",,,,,,,,,OSCC,,,,,,LAC-395430,,WF,FI,34.6161,-118.12344,,,,0,,,,,,395430,,,,Los Angeles,CALACC,06037,,,Private,Private,,,,,,,SC15,C&L,CALAC,US-CA,,,,,,2021-CALAC-395430,No Decision,lacocad,lacocad,0,,,"12/11/2021, 5:00 AM","12/11/2021, 5:00 AM",IRWIN
,DEFAULT,,,,,0.1,CARRCC,,,,,,,Undetermined,,,,,"12/11/2021, 4:52 AM",,,,,,,,,OSCC,,,,,,VAN BUREN BL / CLAY ST,,WF,FI,33.967161,-117.466631,,,,0,0,0,0,0,,172165,,,,Riverside,CARRCC,06065,,,Private,Private,,,,,,,SC08,CDF,CARRU,US-CA,,,,,,2021-CARRU-172165,No Decision,cfcad,cfcad,0,,,"12/11/2021, 5:09 AM","12/11/2021, 5:09 AM",IRWIN
,DEFAULT,,,,1465,,ARAOC,36142,,Minimal,Smoldering,Torching,,Human,,,PD44,,"12/10/2021, 9:39 PM",Type 3 Incident,,0,100,0,0,,,SACC,"12/13/2021, 2:45 AM","12/12/2021, 4:30 AM","12/13/2021, 2:45 AM",U,Type 3 IC,Coombs Fire,NE of the intersection of SE Coombs Rd and SE 90th Street,WF,FI,,,,,,0,,,,,0,400014,90,100,Lawton,Comanche,ARAOC,40031,,,Private,Private,,,,,,,SA02,DVF,OKOKS,US-OK,,,Brush (2 feet),Tall Grass (2.5 feet),1,2021-OKOKS-400014,No Decision,ics209,firecode,0,,,"12/11/2021, 5:25 AM","12/13/2021, 6:38 PM",IRWIN
,DEFAULT,,,,,0.01,CALACC,,,,,,,Undetermined,,,,,"12/11/2021, 7:10 AM",,,,,,,,,OSCC,,,,,,LAC-395547,,WF,FI,34.5579,-118.1323,,,,0,,,,,,395547,,,,Los Angeles,CALACC,06037,,,Private,Private,,,,,,,SC09,C&L,CALAC,US-CA,,,,,,2021-CALAC-395547,No Decision,lacocad,lacocad,0,,,"12/11/2021, 7:13 AM","12/11/2021, 7:13 AM",IRWIN
,DEFAULT,,,,,0.1,CARRCC,,,,,,,Undetermined,,,,,"12/11/2021, 9:49 AM",,,,,,,,,OSCC,,,,,,LA SIERRA AV / TIN MINE RD,,WF,FI,33.851461,-117.470461,,,,0,,,,,,172266,,,,Riverside,CARRCC,06065,,,Private,Private,,,,,,,SC08,CDF,CARRU,US-CA,,,,,,2021-CARRU-172266,No Decision,cfcad,cfcad,0,,,"12/11/2021, 9:49 AM","12/11/2021, 10:07 AM",IRWIN
,DEFAULT,,,,,0.1,CAMVIC,,,,,,,Undetermined,,,,,"12/11/2021, 4:16 AM",,,,,,,,,OSCC,,,,,,EAST 2,,WF,FI,33.288932,-116.810503,,,,0,0,0,0,0,,023547,,,,San Diego,CAMVIC,06073,,,Private,Private,,,,,,,SC11,CDF,CAMVU,US-CA,,,,,,2021-CAMVU-023547,No Decision,cfcad,cfcad,0,,,"12/11/2021, 10:00 AM","12/11/2021, 10:04 AM",IRWIN
,DEFAULT,,,,2078,1,FLFIC,,,,,,,Undetermined,,,,,"12/11/2021, 3:00 PM",,,,,,,,,SACC,,,,,,OSF CPT 46/ CPT 47 Rx,,RX,FI,30.33386,-82.59996,2078,,,0,0,0,0,0,,000872,,,,Columbia,FLFIC,12023,FS,FLFNF,USFS,Federal,,,,,,,SA45A,FS,FLFNF,US-FL,,,,,,2021-FLFNF-000872,No Decision,wildcad,wildcad,0,,,"12/11/2021, 3:48 PM","12/11/2021, 11:29 PM",IRWIN
,DEFAULT,,,,,0.01,CALACC,,,,,,,Undetermined,,,,,"12/11/2021, 5:06 PM",,,,,,,,,OSCC,,,,,,LAC-395929,,WF,FI,34.74792,-118.14452,,,,0,,,,,,395929,,,,Los Angeles,CALACC,06037,,,Private,Private,,,,,,,SC15,C&L,CALAC,US-CA,,,,,,2021-CALAC-395929,No Decision,lacocad,lacocad,0,,,"12/11/2021, 5:08 PM","12/11/2021, 5:08 PM",IRWIN
,DEFAULT,,,,37,1,ARAOC,,,,,,,Human,,,PD3Z,,"12/10/2021, 11:30 PM",,,,,,,PA,1522,SACC,,,,,,COLD SPRINGS,,WF,FI,34.94162,-96.70055,3,,,0,1,0,0,0,,002549,,,,Seminole,ARAOC,40133,,,Private,Private,,,,,,,SA03,BIA,OKWEA,US-OK,,,,,,2021-OKWEA-002549,No Decision,wildcad,wildcad,0,,,"12/11/2021, 6:03 PM","12/13/2021, 4:21 PM",IRWIN
,DEFAULT,,,,,0.1,CARRCC,,,,,,,Undetermined,,,,,"12/11/2021, 5:54 PM",,,,,,,,,OSCC,,,,,,FIR AV / LEE ST,,WF,FI,33.935434,-117.233319,,,,0,0,0,0,0,,172385,,,,Riverside,CARRCC,06065,,,Private,Private,,,,,,,SC08,CDF,CARRU,US-CA,,,,,,2021-CARRU-172385,No Decision,cfcad,cfcad,0,,,"12/11/2021, 6:18 PM","12/11/2021, 6:18 PM",IRWIN
,DEFAULT,,,,,0.01,CALACC,,,,,,,Undetermined,,,,,"12/11/2021, 6:51 PM",,,,,,,,,OSCC,,,,,,LAC-396003,,WF,FI,34.58351,-118.2022,,,,0,,,,,,396003,,,,Los Angeles,CALACC,06037,,,Private,Private,,,,,,,SC09,C&L,CALAC,US-CA,,,,,,2021-CALAC-396003,No Decision,lacocad,lacocad,0,,,"12/11/2021, 6:55 PM","12/11/2021, 6:55 PM",IRWIN
,DEFAULT,,,,1,,ARAOC,4155,,Minimal,Uphill Runs,Wind Driven Runs,,Human,,,,,"12/11/2021, 1:20 PM",Type 4 Incident,,0,100,0,0,,,SACC,"12/13/2021, 6:30 AM","12/11/2021, 6:30 PM","12/13/2021, 6:30 AM",U,Type 4 IC,Hickory Leaf Trail Fire,"2 miles NW of Hochatown, OK",WF,FI,,,,,,0,,,,,0,100312,95,100,,McCurtain,ARAOC,40089,,,Private,Private,,,,,,,SA17A,DVF,OKOKS,US-OK,,,Timber (Litter and Understory),,2,2021-OKOKS-100312,No Decision,ics209,ics209,0,,,"12/11/2021, 7:01 PM","12/13/2021, 7:00 AM",IRWIN
,DEFAULT,,,,,0.1,CARRCC,,,,,,,Undetermined,,,,,"12/11/2021, 6:33 PM",,,,,,,,,OSCC,,,,,,BENNETT RD / AURORA RD,,WF,FI,33.919765,-116.423148,,,,0,0,0,0,0,,172401,,,,Riverside,CARRCC,06065,,,Private,Private,,,,,,,SC12,CDF,CARRU,US-CA,,,,,,2021-CARRU-172401,No Decision,cfcad,cfcad,0,,,"12/11/2021, 7:09 PM","12/11/2021, 7:09 PM",IRWIN
,DEFAULT,,,,,0.1,CAYICC,,,,,,,Undetermined,,,PD31,,"12/11/2021, 7:24 AM",,,,,,,P5,0505,ONCC,,,,,,DOE,,WF,FI,41.909967,-122.269117,,,,0,0,0,1,1,,010738,,,,Siskiyou,CAYICC,06093,FS,CAKNF,USFS,Federal,,,,,,,NC06,FS,CAKNF,US-CA,,,,,,2021-CAKNF-010738,No Decision,cfcad,cfcad,0,,,"12/11/2021, 7:44 PM","12/11/2021, 9:33 PM",IRWIN
,DEFAULT,,,,,,VAVIC,,,,,,,,,,PD34,,"12/11/2021, 5:26 PM",,,,,,,,,SACC,,,,,,BLACKROCK GAP FIRE,,WF,FI,,,,,,0,0,0,0,0,,220002,,,,Rockingham,VAVIC,51165,NPS,WVAPP,NPS,Federal,,,,,,,SA28B,NPS,VASHP,US-VA,,,,,,2021-VASHP-220002,No Decision,firecode,firecode,0,,,"12/11/2021, 8:35 PM","12/11/2021, 8:35 PM",IRWIN
,DEFAULT,,,,,0.01,CALACC,,,,,,,Undetermined,,,,,"12/11/2021, 9:21 PM",,,,,,,,,OSCC,,,,,,LAC-396137,,WF,FI,34.63119,-117.84941,,,,0,,,,,,396137,,,,Los Angeles,CALACC,06037,,,Private,Private,,,,,,,SC15,C&L,CALAC,US-CA,,,,,,2021-CALAC-396137,No Decision,lacocad,lacocad,0,,,"12/11/2021, 9:34 PM","12/11/2021, 9:34 PM",IRWIN
,DEFAULT,,,,,0.1,CARRCC,,,,,,,Undetermined,,,,,"12/11/2021, 9:46 PM",,,,,,,,,OSCC,,,,,,MCVICKER CANYON COMMUNITY PARK LELS,,WF,FI,33.68657,-117.395805,,,,0,0,0,0,0,,172479,,,,Riverside,CARRCC,06065,,,Private,Private,,,,,,,SC08,CDF,CARRU,US-CA,,,,,,2021-CARRU-172479,No Decision,cfcad,cfcad,0,,,"12/11/2021, 10:00 PM","12/11/2021, 10:00 PM",IRWIN
,DEFAULT,,,,,0.1,CARRCC,,,,,,,Undetermined,,,,,"12/11/2021, 10:08 PM",,,,,,,,,OSCC,,,,,,WARREN,,WF,FI,33.75331,-117.032888,,,,0,,,,,,172497,,,,Riverside,CARRCC,06065,,,Private,Private,,,,,,,SC08,CDF,CARRU,US-CA,,,,,,2021-CARRU-172497,No Decision,cfcad,cfcad,0,,,"12/11/2021, 10:09 PM","12/12/2021, 2:14 AM",IRWIN
,DEFAULT,,,,,0.1,CARRCC,,,,,,,Undetermined,,,,,"12/11/2021, 10:36 PM",,,,,,,,,OSCC,,,,,,S 4TH ST /W LIVINGSTON ST,,WF,FI,33.924574,-116.881112,,,,0,0,0,0,0,,172514,,,,Riverside,CARRCC,06065,,,Private,Private,,,,,,,SC08,CDF,CARRU,US-CA,,,,,,2021-CARRU-172514,No Decision,cfcad,cfcad,0,,,"12/11/2021, 10:40 PM","12/11/2021, 11:05 PM",IRWIN
,DEFAULT,,,,,,CAVNCC,,,,,,,,,,,,"12/3/2021, 10:02 PM",,,,,,,,,OSCC,,,,,,VICTORIA,,WF,FI,,,,,,0,,,,,,105767,,,,Ventura,CAVNCC,06111,,,Private,Private,,,,,,,SC08,C&L,CAVNC,US-CA,,,,,,2021-CAVNC-105767,No Decision,IROC,IROC,0,,,"12/11/2021, 11:28 PM","12/12/2021, 12:26 PM",IRWIN
,DEFAULT,,,,268,,ARAOC,72036,,Minimal,Smoldering,Smoldering,Backing,Human,,,,,"12/10/2021, 9:49 PM",Type 5 Incident,,0,100,0,0,,,SACC,"12/13/2021, 4:04 AM","12/12/2021, 5:00 AM","12/13/2021, 4:04 AM",U,Type 5 IC,Milligan,"3 miles SW of Pernell, OK, off Hwy 76",WF,FI,,,,,,0,,,,,0,400015,90,100,,Garvin,ARAOC,40049,,,Private,Private,,,,,,,SA03,DVF,OKOKS,US-OK,,,Hardwood Litter,Brush (2 feet),5,2021-OKOKS-400015,No Decision,ics209,ics209,0,,,"12/12/2021, 12:28 AM","12/13/2021, 6:43 AM",IRWIN
,DEFAULT,,,,0.1,1,CAMVIC,,,,,,,Undetermined,,,,,"12/11/2021, 4:16 AM",,,,,,,,,OSCC,,,,,,EAST,,WF,FI,33.28604,-116.8088,,,,0,0,0,0,0,,003583,,,,San Diego,CAMVIC,06073,FS,CACNF,USFS,Federal,,,,,,,SC11,FS,CACNF,US-CA,,,,,,2021-CACNF-003583,No Decision,wildcad,wildcad,0,,,"12/12/2021, 1:09 AM","12/12/2021, 2:11 AM",IRWIN
,DEFAULT,,,,,0.1,CARRCC,,,,,,,Undetermined,,,,,"12/12/2021, 1:04 AM",,,,,,,,,OSCC,,,,,,BELLAMO LN  GOOD,,WF,FI,33.773894,-117.252368,,,,0,0,0,0,0,,172588,,,,Riverside,CARRCC,06065,,,Private,Private,,,,,,,SC08,CDF,CARRU,US-CA,,,,,,2021-CARRU-172588,No Decision,cfcad,cfcad,0,,,"12/12/2021, 1:19 AM","12/12/2021, 1:19 AM",IRWIN
,DEFAULT,,,,,0.01,CALACC,,,,,,,Undetermined,,,,,"12/12/2021, 2:03 AM",,,,,,,,,OSCC,,,,,,LAC-396428,,WF,FI,33.93032,-118.3684,,,,0,,,,,,396428,,,,Los Angeles,CALACC,06037,,,Private,Private,,,,,,,SC08,C&L,CALAC,US-CA,,,,,,2021-CALAC-396428,No Decision,lacocad,lacocad,0,,,"12/12/2021, 2:06 AM","12/12/2021, 2:06 AM",IRWIN
,DEFAULT,,,,,0.1,CARRCC,,,,,,,Undetermined,,,,,"12/12/2021, 1:46 AM",,,,,,,,,OSCC,,,,,,HY 60  E/ VALLEY WY ONRP,,WF,FI,34.010591,-117.430135,,,,0,0,0,0,0,,172605,,,,Riverside,CARRCC,06065,,,Private,Private,,,,,,,SC08,CDF,CARRU,US-CA,,,,,,2021-CARRU-172605,No Decision,cfcad,cfcad,0,,,"12/12/2021, 2:11 AM","12/12/2021, 2:11 AM",IRWIN
,DEFAULT,,,,,0.01,CALACC,,,,,,,Undetermined,,,,,"12/12/2021, 2:44 AM",,,,,,,,,OSCC,,,,,,LAC-396463,,WF,FI,33.92625,-118.2134,,,,0,,,,,,396463,,,,Los Angeles,CALACC,06037,,,Private,Private,,,,,,,SC08,C&L,CALAC,US-CA,,,,,,2021-CALAC-396463,No Decision,lacocad,lacocad,0,,,"12/12/2021, 2:46 AM","12/12/2021, 2:46 AM",IRWIN
,DEFAULT,,,,,0.01,CALACC,,,,,,,Undetermined,,,,,"12/12/2021, 3:13 AM",,,,,,,,,OSCC,,,,,,LAC-396501,,WF,FI,33.9281,-118.05203,,,,0,,,,,,396501,,,,Los Angeles,CALACC,06037,,,Private,Private,,,,,,,SC08,C&L,CALAC,US-CA,,,,,,2021-CALAC-396501,No Decision,lacocad,lacocad,0,,,"12/12/2021, 3:24 AM","12/12/2021, 3:24 AM",IRWIN
,DEFAULT,,,,,0.1,CAFKCC,,,,,,,Undetermined,,,,,"12/12/2021, 3:57 AM",,,,,,,,,OSCC,,,,,,DERRICK,,WF,FI,36.561046,-120.388898,,,,0,0,0,0,0,,019959,,,,Fresno,CASICC,06019,,,Private,Private,,,,,,,SC05,CDF,CAFKU,US-CA,,,,,,2021-CAFKU-019959,No Decision,cfcad,cfcad,0,,,"12/12/2021, 5:43 AM","12/12/2021, 5:43 AM",IRWIN
,DEFAULT,,,,,0.1,CARRCC,,,,,,,Undetermined,,,,,"12/12/2021, 6:30 AM",,,,,,,,,OSCC,,,,,,6TH ST / CESAR CHAVEZ ST,,WF,FI,33.675674,-116.181594,,,,0,0,0,0,0,,172732,,,,Riverside,CARRCC,06065,,,Private,Private,,,,,,,SC12,CDF,CARRU,US-CA,,,,,,2021-CARRU-172732,No Decision,cfcad,cfcad,0,,,"12/12/2021, 6:56 AM","12/12/2021, 6:56 AM",IRWIN
,DEFAULT,,,,,0.01,CALACC,,,,,,,Undetermined,,,,,"12/12/2021, 6:28 AM",,,,,,,,,OSCC,,,,,,LAC-396703,,WF,FI,33.92976,-118.369,,,,0,,,,,,396703,,,,Los Angeles,CALACC,06037,,,Private,Private,,,,,,,SC08,C&L,CALAC,US-CA,,,,,,2021-CALAC-396703,No Decision,lacocad,lacocad,0,,,"12/12/2021, 6:56 AM","12/12/2021, 6:56 AM",IRWIN
,DEFAULT,,,,,0.01,CALACC,,,,,,,Undetermined,,,,,"12/12/2021, 10:28 AM",,,,,,,,,OSCC,,,,,,LAC-396877,,WF,FI,33.92511,-118.21,,,,0,,,,,,396877,,,,Los Angeles,CALACC,06037,,,Private,Private,,,,,,,SC08,C&L,CALAC,US-CA,,,,,,2021-CALAC-396877,No Decision,lacocad,lacocad,0,,,"12/12/2021, 10:30 AM","12/12/2021, 10:30 AM",IRWIN
,DEFAULT,,,,,0.1,CARRCC,,,,,,,Undetermined,,,,,"12/12/2021, 12:15 PM",,,,,,,,,OSCC,,,,,,N STATE ST /N RAMONA BL,,WF,FI,33.794401,-116.97157,,,,0,0,0,0,0,,172841,,,,Riverside,CARRCC,06065,,,Private,Private,,,,,,,SC08,CDF,CARRU,US-CA,,,,,,2021-CARRU-172841,No Decision,cfcad,cfcad,0,,,"12/12/2021, 12:33 PM","12/12/2021, 12:33 PM",IRWIN
,DEFAULT,,,,,0.1,CARRCC,,,,,,,Undetermined,,,,,"12/12/2021, 12:21 PM",,,,,,,,,OSCC,,,,,,EL RANCHO DR  MENI,,WF,FI,33.698022,-117.187805,,,,0,0,0,0,0,,172844,,,,Riverside,CARRCC,06065,,,Private,Private,,,,,,,SC08,CDF,CARRU,US-CA,,,,,,2021-CARRU-172844,No Decision,cfcad,cfcad,0,,,"12/12/2021, 12:43 PM","12/12/2021, 12:43 PM",IRWIN
,DEFAULT,,,,0.5,1,ARAOC,,,,,,,Human,,,PD4L,,"12/11/2021, 8:15 PM",,,,,,,PA,1522,SACC,,,,,,ANDERSON,,WF,FI,34.84836,-98.38602,0.5,,,0,1,0,0,0,,002569,,,,Comanche,ARAOC,40031,BIA,OKCOA,BIA,Federal,,,,,,,SA02,BIA,OKANA,US-OK,,,,,,2021-OKANA-002569,No Decision,wildcad,wildcad,0,,,"12/12/2021, 4:04 PM","12/13/2021, 4:38 PM",IRWIN
,DEFAULT,,,,,0.1,CARRCC,,,,,,,Undetermined,,,,,"12/12/2021, 4:51 PM",,,,,,,,,OSCC,,,,,,JACKSON ST  INDO,,WF,FI,33.741638,-116.21665,,,,0,0,0,0,0,,172906,,,,Riverside,CARRCC,06065,,,Private,Private,,,,,,,SC12,CDF,CARRU,US-CA,,,,,,2021-CARRU-172906,No Decision,cfcad,cfcad,0,,,"12/12/2021, 4:52 PM","12/12/2021, 4:52 PM",IRWIN
,DEFAULT,,,,,0.1,CARRCC,,,,,,,Undetermined,,,,,"12/12/2021, 4:41 PM",,,,,,,,,OSCC,,,,,,GRAPEFRUIT BL / AVE 66,,WF,FI,33.569691,-116.078401,,,,0,0,0,0,0,,172904,,,,Riverside,CARRCC,06065,,,Private,Private,,,,,,,SC12,CDF,CARRU,US-CA,,,,,,2021-CARRU-172904,No Decision,cfcad,cfcad,0,,,"12/12/2021, 4:53 PM","12/12/2021, 4:53 PM",IRWIN
,DEFAULT,,,,0.01,0.01,MTBDC,,,,,,,Human,Other Human Cause,,,,"8/2/2021, 5:49 AM",,,,,,,,,NRCC,,,,,,Harris Park,,WF,FI,,,,,,0,,,,,,08.01.21,,,,Yellowstone,MTBDC,30111,,,Private,Private,,,,,,,NR14,C&L,MTLG03,US-MT,Grass-Shrub,GS1,,,,2021-MTLG03-08.01.21,No Decision,INFORM_Inspector,INFORM_Inspector,0,,,"12/12/2021, 5:58 PM","12/12/2021, 5:59 PM",IRWIN
,DEFAULT,,,,0.1,0.1,CASBCC,,,,,,,Undetermined,,,PD4N,,"12/11/2021, 3:18 AM",,,,,,,PD,1522,OSCC,,,,,,NILAND,,WF,FI,33.27413,-115.4795,,,,0,1,0,0,1,,018952,,,,Imperial,CASBCC,06025,BLM,CACDD,BLM,Federal,,,,,,,SC12,BLM,CACDD,US-CA,,,,,,2021-CACDD-018952,No Decision,wildcad,wildcad,0,,,"12/12/2021, 6:15 PM","12/12/2021, 6:17 PM",IRWIN
,DEFAULT,,,,3,3,MTBDC,,,,,,,Undetermined,Undetermined,,,,"10/4/2021, 12:28 AM",,,,,,,,,NRCC,,,,,,HWY 47 MM 25,,WF,FI,,,,,,0,,,,,,08.04.21,,,,Yellowstone,MTBDC,30111,,,Private,Private,,,,,,,NR14,C&L,MTLG03,US-MT,Grass,GR2,,,,2021-MTLG03-08.04.21,No Decision,INFORM_Inspector,INFORM_Inspector,0,,,"12/12/2021, 6:35 PM","12/12/2021, 6:36 PM",IRWIN
,DEFAULT,,,,0.01,0.01,MTBDC,,,,,,,Human,Equipment,Motor Vehicle,,,"8/3/2021, 9:52 AM",,,,,,,,,NRCC,,,,,,I-90 MM465,,WF,FI,,,,,,0,,,,,,08.03.21,,,,Yellowstone,MTBDC,30111,,,Private,Private,,,,,,,NR14,C&L,MTLG03,US-MT,Grass,,,,,2021-MTLG03-08.03.21,No Decision,INFORM_Inspector,INFORM_Inspector,0,,,"12/12/2021, 6:22 PM","12/12/2021, 6:23 PM",IRWIN
,DEFAULT,,,,0.01,0.01,MTBDC,,,,,,,Natural,Other Natural Cause,,,,"8/7/2021, 1:51 AM",,,,,,,,,NRCC,,,,,,I94-MM14,,WF,FI,,,,,,0,,,,,,08.08.21,,,,Yellowstone,MTBDC,30111,,,Private,Private,,,,,,,NR14,C&L,MTLG03,US-MT,Grass,GR2,,,,2021-MTLG03-08.08.21,No Decision,INFORM_Inspector,INFORM_Inspector,0,,,"12/12/2021, 6:50 PM","12/12/2021, 6:51 PM",IRWIN
,DEFAULT,,,,0.01,0.01,MTBDC,,,,,,,Undetermined,Undetermined,,,,"8/9/2021, 9:44 AM",,,,,,,,,NRCC,,,,,,Streck Lane,,WF,FI,,,,,,0,,,,,,08.09.21,,,,Yellowstone,MTBDC,30111,,,Private,Private,,,,,,,NR14,C&L,MTLG03,US-MT,Grass,GR2,,,,2021-MTLG03-08.09.21,No Decision,INFORM_Inspector,INFORM_Inspector,0,,,"12/12/2021, 7:06 PM","12/12/2021, 7:06 PM",IRWIN
,DEFAULT,,,,0.5,0.5,MTBDC,,,,,,,Undetermined,Undetermined,,,,"10/10/2021, 7:27 PM",,,,,,,,,NRCC,,,,,,Michael Lane,,WF,FI,,,,,,0,,,,,,08.10.21,,,,Yellowstone,MTBDC,30111,,,Private,Private,,,,,,,NR14,C&L,MTLG03,US-MT,Grass,GR2,,,,2021-MTLG03-08.10.21,No Decision,INFORM_Inspector,INFORM_Inspector,0,,,"12/12/2021, 7:18 PM","12/12/2021, 7:18 PM",IRWIN
,DEFAULT,,,,0.1,0.1,MTBDC,,,,,,,Undetermined,Undetermined,,,,"8/12/2021, 12:02 PM",,,,,,,,,NRCC,,,,,,Lampman Strip,,WF,FI,,,,,,0,,,,,,08.12.21,,,,Yellowstone,MTBDC,30111,,,Private,Private,,,,,,,NR14,C&L,MTLG03,US-MT,Grass,GR2,,,,2021-MTLG03-08.12.21,No Decision,INFORM_Inspector,INFORM_Inspector,0,,,"12/12/2021, 7:32 PM","12/12/2021, 7:32 PM",IRWIN
,DEFAULT,,,,0.1,0.1,MTBDC,,,,,,,Human,Camping,,,,"8/12/2021, 6:35 PM",,,,,,,,,NRCC,,,,,,Sidewalk Fire,,WF,FI,,,,,,0,,,,,,08.12.21.2,,,,Yellowstone,MTBDC,30111,,,Private,Private,,,,,,,NR14,C&L,MTLG03,US-MT,Grass,GR2,,,,2021-MTLG03-08.12.21.2,No Decision,INFORM_Inspector,INFORM_Inspector,0,,,"12/12/2021, 7:36 PM","12/12/2021, 7:37 PM",IRWIN
,DEFAULT,,,,,0.01,CALACC,,,,,,,Undetermined,,,,,"12/12/2021, 7:39 PM",,,,,,,,,OSCC,,,,,,LAC-397225,,WF,FI,34.36506,-118.50341,,,,0,,,,,,397225,,,,Los Angeles,CALACC,06037,,,Private,Private,,,,,,,SC09,C&L,CALAC,US-CA,,,,,,2021-CALAC-397225,No Decision,lacocad,lacocad,0,,,"12/12/2021, 7:42 PM","12/12/2021, 7:42 PM",IRWIN
,DEFAULT,,,,,0.1,CARRCC,,,,,,,Undetermined,,,,,"12/12/2021, 8:03 PM",,,,,,,,,OSCC,,,,,,WHITMAN,,WF,FI,33.767017,-116.927537,,,,0,0,0,0,0,,172986,,,,Riverside,CARRCC,06065,,,Private,Private,,,,,,,SC08,CDF,CARRU,US-CA,,,,,,2021-CARRU-172986,No Decision,cfcad,cfcad,0,,,"12/12/2021, 8:14 PM","12/12/2021, 8:14 PM",IRWIN
,DEFAULT,,,,,0.1,CARRCC,,,,,,,Undetermined,,,,,"12/12/2021, 10:25 PM",,,,,,,,,OSCC,,,,,,W RAMSEY ST  BAN,,WF,FI,33.925439,-116.897798,,,,0,0,0,0,0,,173051,,,,Riverside,CARRCC,06065,,,Private,Private,,,,,,,SC08,CDF,CARRU,US-CA,,,,,,2021-CARRU-173051,No Decision,cfcad,cfcad,0,,,"12/12/2021, 10:35 PM","12/12/2021, 10:35 PM",IRWIN
,DEFAULT,,,,,0.01,CALACC,,,,,,,Undetermined,,,,,"12/12/2021, 10:57 PM",,,,,,,,,OSCC,,,,,,LAC-397434,,WF,FI,34.66026,-118.1531,,,,0,,,,,,397434,,,,Los Angeles,CALACC,06037,,,Private,Private,,,,,,,SC15,C&L,CALAC,US-CA,,,,,,2021-CALAC-397434,No Decision,lacocad,lacocad,0,,,"12/12/2021, 11:00 PM","12/12/2021, 11:00 PM",IRWIN
,DEFAULT,,,,36,1,ARAOC,,,,,,,Human,,,PD4Q,,"12/12/2021, 8:30 PM",,,,,,,,,SACC,,,,,,2030,,WF,FI,34.07633,-92.60194,36,,,0,1,0,0,0,,002573,,,,Dallas,ARAOC,05039,,,Private,Private,,,,,,,SA18,BIA,OKCHA,US-AR,,,,,,2021-OKCHA-002573,No Decision,wildcad,wildcad,0,,,"12/12/2021, 11:33 PM","12/13/2021, 4:20 PM",IRWIN
,DEFAULT,,,,,0.1,CARRCC,,,,,,,Undetermined,,,,,"12/12/2021, 9:19 PM",,,,,,,,,OSCC,,,,,,AVE 77   THER,,WF,FI,33.491638,-116.117923,,,,0,0,0,0,0,,173016,,,,Riverside,CARRCC,06065,,,Private,Private,,,,,,,SC12,CDF,CARRU,US-CA,,,,,,2021-CARRU-173016,No Decision,cfcad,cfcad,0,,,"12/12/2021, 11:38 PM","12/12/2021, 11:38 PM",IRWIN
,DEFAULT,,,,250,1,ARAOC,5000,,Moderate,Backing,,,Undetermined,,,PD4S,,"12/12/2021, 10:16 PM",Type 4 Incident,,0,100,0,0,P8,0809,SACC,"12/13/2021, 1:30 AM","12/13/2021, 1:00 AM","12/13/2021, 1:30 AM",I,Type 4 IC,State Line 3,"5 miles south of Bates, AR",WF,FI,34.84431,-94.40856,,,,0,1,1,1,1,0,002571,0,100,,Scott,ARAOC,05127,FS,AROUF,USFS,Federal,,,,,,,SA17B,FS,AROUF,US-AR,,,Timber (Litter and Understory),Brush (2 feet),8,2021-AROUF-002571,No Decision,wildcad,wildcad,0,,,"12/12/2021, 11:47 PM","12/13/2021, 3:49 AM",IRWIN
,DEFAULT,,,,,0.1,CASIFC,,,,,,,Undetermined,,,,,"12/13/2021, 1:04 AM",,,,,,,,,ONCC,,,,,,TERMO,,WF,FI,40.948195,-120.770207,,,,0,,,,,,007502,,,,Lassen,CASIFC,06035,FS,CAMDF,USFS,Federal,,,,,,,NC06,,CALMU,US-CA,,,,,,2021-CALMU-007502,No Decision,cfcad,cfcad,0,,,"12/13/2021, 1:04 AM","12/13/2021, 2:24 AM",IRWIN
,DEFAULT,,,,2,2,MTBDC,,,,,,,Human,Utilities,Power Generation/Transmission,PD4Y,,"12/12/2021, 11:15 PM",,,,,,,,,NRCC,,,,,,Powerline Fire,,WF,FI,,,,,,0,,,,,,12.12.21,,,,Musselshell,MTBDC,30065,,,Private,Private,,,,,,,NR14,C&L,MTLG23,US-MT,Grass-Shrub,GS2,,,,2021-MTLG23-12.12.21,No Decision,INFORM_Inspector,firecode,0,,,"12/13/2021, 1:27 AM","12/13/2021, 4:36 PM",IRWIN
,DEFAULT,,,,,0.1,CARRCC,,,,,,,Undetermined,,,,,"12/13/2021, 2:12 AM",,,,,,,,,OSCC,,,,,,NORTHWOOD RD / 30TH AV,,WF,FI,33.831104,-116.226866,,,,0,0,0,0,0,,173125,,,,Riverside,CARRCC,06065,,,Private,Private,,,,,,,SC12,CDF,CARRU,US-CA,,,,,,2021-CARRU-173125,No Decision,cfcad,cfcad,0,,,"12/13/2021, 2:45 AM","12/13/2021, 2:45 AM",IRWIN
,DEFAULT,,,,,0.1,CAFKCC,,,,,,,Undetermined,,,,,"12/13/2021, 4:10 AM",,,,,,,,,OSCC,,,,,,ENNIS,,WF,FI,36.68253,-119.207236,,,,0,,,,,,020027,,,,Fresno,CASICC,06019,,,Private,Private,,,,,,,SC04,CDF,CAFKU,US-CA,,,,,,2021-CAFKU-020027,No Decision,cfcad,cfcad,0,,,"12/13/2021, 4:10 AM","12/13/2021, 4:11 AM",IRWIN
,DEFAULT,,,,,0.1,CARRCC,,,,,,,Undetermined,,,,,"12/13/2021, 3:37 AM",,,,,,,,,OSCC,,,,,,SUNNYSLOPE RD / DILLON RD,,WF,FI,33.840121,-116.244267,,,,0,0,0,0,0,,173160,,,,Riverside,CARRCC,06065,,,Private,Private,,,,,,,SC12,CDF,CARRU,US-CA,,,,,,2021-CARRU-173160,No Decision,cfcad,cfcad,0,,,"12/13/2021, 4:14 AM","12/13/2021, 4:14 AM",IRWIN
,DEFAULT,,,,,0.1,CARRCC,,,,,,,Undetermined,,,,,"12/13/2021, 3:56 AM",,,,,,,,,OSCC,,,,,,MOUNT WHITNEY AV  DHSP,,WF,FI,34.136074,-116.30969,,,,0,0,0,0,0,,173170,,,,San Bernardino,CASBCC,06071,,,Private,Private,,,,,,,SC14,CDF,CARRU,US-CA,,,,,,2021-CARRU-173170,No Decision,cfcad,cfcad,0,,,"12/13/2021, 4:17 AM","12/13/2021, 4:20 AM",IRWIN
,DEFAULT,,,,,0.1,CARRCC,,,,,,,Undetermined,,,,,"12/13/2021, 4:44 AM",,,,,,,,,OSCC,,,,,,VISTA DEL NORTE  / DILLON RD,,WF,FI,33.716493,-116.17103,,,,0,0,0,0,0,,173189,,,,Riverside,CARRCC,06065,,,Private,Private,,,,,,,SC12,CDF,CARRU,US-CA,,,,,,2021-CARRU-173189,No Decision,cfcad,cfcad,0,,,"12/13/2021, 5:58 AM","12/13/2021, 5:58 AM",IRWIN
,DEFAULT,,,,,0.01,CALACC,,,,,,,Undetermined,,,,,"12/13/2021, 7:31 AM",,,,,,,,,OSCC,,,,,,LAC-397943,,WF,FI,33.8758,-118.08222,,,,0,,,,,,397943,,,,Los Angeles,CALACC,06037,,,Private,Private,,,,,,,SC08,C&L,CALAC,US-CA,,,,,,2021-CALAC-397943,No Decision,lacocad,lacocad,0,,,"12/13/2021, 7:42 AM","12/13/2021, 7:42 AM",IRWIN
,DEFAULT,,,,,0.1,CARRCC,,,,,,,Undetermined,,,,,"12/13/2021, 7:51 AM",,,,,,,,,OSCC,,,,,,HY 60  E/ VALLEY WY ONRP,,WF,FI,34.010591,-117.430135,,,,0,0,0,0,0,,173256,,,,Riverside,CARRCC,06065,,,Private,Private,,,,,,,SC08,CDF,CARRU,US-CA,,,,,,2021-CARRU-173256,No Decision,cfcad,cfcad,0,,,"12/13/2021, 8:04 AM","12/13/2021, 8:04 AM",IRWIN
,DEFAULT,,,,,0.01,CALACC,,,,,,,Undetermined,,,,,"12/13/2021, 1:47 PM",,,,,,,,,OSCC,,,,,,LAC-398140,,WF,FI,34.66026,-118.13053,,,,0,,,,,,398140,,,,Los Angeles,CALACC,06037,,,Private,Private,,,,,,,SC15,C&L,CALAC,US-CA,,,,,,2021-CALAC-398140,No Decision,lacocad,lacocad,0,,,"12/13/2021, 1:49 PM","12/13/2021, 1:49 PM",IRWIN
,DEFAULT,,,,,0.1,CARRCC,,,,,,,Undetermined,,,,,"12/13/2021, 3:56 PM",,,,,,,,,OSCC,,,,,,WALNUT DR  LELS,,WF,FI,33.683371,-117.37205,,,,0,0,0,0,0,,173374,,,,Riverside,CARRCC,06065,,,Private,Private,,,,,,,SC08,CDF,CARRU,US-CA,,,,,,2021-CARRU-173374,No Decision,cfcad,cfcad,0,,,"12/13/2021, 4:12 PM","12/13/2021, 4:12 PM",IRWIN
,DEFAULT,,,,1,1,ILILC,,,,,,,Human,,,,,"12/13/2021, 4:01 PM",,,,,,,,,EACC,,,,,,Rothamel,,RX,FI,37.30074,-88.62199,36,,,0,1,0,0,0,,210479,,,,Pope,ILILC,17151,FS,ILSHF,USFS,Federal,,,,,,,EA14,FS,ILSHF,US-IL,,,,,,2021-ILSHF-210479,No Decision,wildcad,wildcad,0,,,"12/13/2021, 4:13 PM","12/13/2021, 5:54 PM",IRWIN
,DEFAULT,,,,1,1,ARAOC,,,,,,,Undetermined,,,,,"12/11/2021, 4:23 PM",,,,,,,,,SWCC,,,,,,CORNER PLANTATION,,RX,FI,36.73976,-100.7831,,,,0,0,0,0,0,,002547,,,,Beaver,ARAOC,40007,,,Private,Private,,,,,,,SW13,BIA,OKCHA,US-OK,,,,,,2021-OKCHA-002547,No Decision,wildcad,wildcad,0,,,"12/13/2021, 4:28 PM","12/13/2021, 4:28 PM",IRWIN
,DEFAULT,,,,50,1,COPBC,,,,,,,Undetermined,,,,,"12/13/2021, 5:10 PM",,,,,,,,,RMCC,,,,,,Big Cottonwood Bend RX,,RX,FI,38.22912,-94.64069,,,,0,0,0,0,0,,001659,,,,Linn,COPBC,20107,FWS,KSMCR,USFWS,Federal,,,,,,,RM77,FWS,KSMCR,US-KS,,,,,,2021-KSMCR-001659,No Decision,wildcad,wildcad,0,,,"12/13/2021, 5:14 PM","12/13/2021, 5:15 PM",IRWIN
,DEFAULT,,,,,0.1,CARRCC,,,,,,,Undetermined,,,,,"12/13/2021, 5:26 PM",,,,,,,,,OSCC,,,,,,N PERRIS BL  PERR,,WF,FI,33.810763,-117.22607,,,,0,0,0,0,0,,173394,,,,Riverside,CARRCC,06065,,,Private,Private,,,,,,,SC08,CDF,CARRU,US-CA,,,,,,2021-CARRU-173394,No Decision,cfcad,cfcad,0,,,"12/13/2021, 5:35 PM","12/13/2021, 5:35 PM",IRWIN
,DEFAULT,,,,,0.01,CALACC,,,,,,,Undetermined,,,,,"12/13/2021, 5:40 PM",,,,,,,,,OSCC,,,,,,LAC-398269,,WF,FI,33.98909,-118.20527,,,,0,,,,,,398269,,,,Los Angeles,CALACC,06037,,,Private,Private,,,,,,,SC08,C&L,CALAC,US-CA,,,,,,2021-CALAC-398269,No Decision,lacocad,lacocad,0,,,"12/13/2021, 5:42 PM","12/13/2021, 5:42 PM",IRWIN
,DEFAULT,,,,8,8,MOMOC,,,,,,,Undetermined,,,PD40,,"12/13/2021, 4:05 PM",,,,,,,P9,0905,EACC,,,,,,Daybreak,,WF,FI,36.80447,-92.00818,8,,,0,1,0,0,0,,000525,,,,Howell,MOMOC,29091,FS,MOMTF,USFS,Federal,,,,,,,EA13,FS,MOMTF,US-MO,,,,,,2021-MOMTF-000525,No Decision,wildcad,wildcad,0,,,"12/13/2021, 5:46 PM","12/13/2021, 5:47 PM",IRWIN
,DEFAULT,,,,40,1,ARAOC,,,,,,,Undetermined,,,,,"12/13/2021, 6:00 PM",,,,,,,,,SACC,,,,,,TOM LOWE,,RX,FI,35.1319,-96.62301,,,,0,0,0,0,0,,002582,,,,Seminole,ARAOC,40133,,,Private,Private,,,,,,,SA03,BIA,OKWEA,US-OK,,,,,,2021-OKWEA-002582,No Decision,wildcad,wildcad,0,,,"12/13/2021, 6:01 PM","12/13/2021, 6:01 PM",IRWIN
,DEFAULT,,,,1,1,CAMVIC,,,,,,,Undetermined,,,,,"12/12/2021, 10:28 PM",,,,,,,,,OSCC,,,,,,TRD DISTRICT WIDE PILE BURNING,,RX,FI,33.6407,-117.4338,,,,0,0,0,0,0,,003604,,,,Orange,CAMVIC,06059,FS,CACNF,USFS,Federal,,,,,,,SC08,FS,CACNF,US-CA,,,,,,2021-CACNF-003604,No Decision,wildcad,wildcad,0,,,"12/13/2021, 6:20 PM","12/13/2021, 6:20 PM",IRWIN
,DEFAULT,,,,,0.1,CAMMCC,,,,,,,Undetermined,,,,,"12/13/2021, 5:56 PM",,,,,,,,,OSCC,,,,,,CLEVELAND,,WF,FI,36.959787,-120.062887,,,,0,0,0,0,0,,027835,,,,Madera,CAMMCC,06039,,,Private,Private,,,,,,,SC05,CDF,CAMMU,US-CA,,,,,,2021-CAMMU-027835,No Decision,cfcad,cfcad,0,,,"12/13/2021, 6:35 PM","12/13/2021, 6:35 PM",IRWIN
,DEFAULT,,,,,,SDGPC,,,,,,,,,,PD46,,"12/13/2021, 2:14 PM",,,,,,,,,RMCC,,,,,,BOBTAIL,,WF,FI,,,,,,0,0,0,1,0,,000153,,,,Dewey,SDGPC,46041,BIA,SDCRA,BIA,Federal,,,,,,,RM53,BIA,SDCRA,US-SD,,,,,,2021-SDCRA-000153,No Decision,firecode,firecode,0,,,"12/13/2021, 7:12 PM","12/13/2021, 7:12 PM",IRWIN
,DEFAULT,,,,0.1,0.1,ARAOC,,,,,,,Human,,,PD47,,"12/10/2021, 8:10 PM",,,,,,,,,SACC,,,,,,Neugebauer OKS ASSIST,,WF,FI,34.61794,-98.68299,299,,,0,1,1,0,0,,002551,,,,Comanche,ARAOC,40031,,,Private,Private,,,,,,,SA02,FWS,OKWMR,US-OK,,,,,,2021-OKWMR-002551,No Decision,wildcad,firecode,0,,,"12/13/2021, 7:12 PM","12/13/2021, 7:13 PM",IRWIN
